,역사_ID,역사명,호선,위도,경도,주소
0,9996,미사,5호선,37.560927,127.193877,"오페라약국, 70, 미사강변동로, 미사1동, 하남시, 12912, 대한민국"
1,9995,강일,5호선,37.55749,127.17593,"강일, 산22-14, 고덕로, 강일동, 상일2동, 강동구, 서울특별시, 05216, 대한민국"
2,9010,동탄,수도권 광역급행철도,37.20034,127.09569,"경부동탄터널, 경부고속도로, 오산동, 동탄6동, 동탄신도시, 화성시, 경기도, 18478, 대한민국"
3,9009,구성,수도권 광역급행철도,37.29913,127.10389,"구성, 경부고속도로, 기흥구, 용인시, 16921, 대한민국"
4,9008,성남,수도권 광역급행철도,37.39467,127.12058,"분당수서로, 판교, 분당구, 성남시, 경기도, 13565, 대한민국"
5,9007,수서,수도권 광역급행철도,37.48637,127.10161,"수서동, 강남구, 서울특별시, 06367, 대한민국"
6,9006,삼성,수도권 광역급행철도,37.50887,127.06324,"삼성역사거리, 테헤란로, 대치2동, 강남구, 서울특별시, 06182, 대한민국"
7,9005,서울,수도권 광역급행철도,37.55569,126.97296,"주한 EU 대사에 대해 알아보기, 416, 한강대로, 봉래동2가, 회현동, 중구, 서울특별시, 04637, 대한민국"
8,9004,연신내,수도권 광역급행철도,37.61878,126.9213,"범서쇼핑센터, 842, 통일로, 대조동, 은평구, 서울특별시, 03350, 대한민국"
9,9002,대곡,수도권 광역급행철도,37.63191,126.81113,"71-81, 대주로107번길, 대장동, 능곡동, 덕양구, 고양시, 10506, 대한민국"
10,9001,킨텍스,수도권 광역급행철도,37.66532,126.74843,"킨텍스로, 대화동, 주엽2동, 일산서구, 고양시, 10391, 대한민국"
11,9000,운정,수도권 광역급행철도,37.71614,126.72841,"운정중앙, 심학산로, 동패동, 교하동, 파주시, 10903, 대한민국"
12,4929,김포공항,김포골드라인,37.56236,126.801868,"김포공항, 하늘길, 방화2동, 강서구, 서울특별시, 07612, 대한민국"
13,4928,고촌,김포골드라인,37.601243,126.770345,"344, 김포대로, 고촌읍, 김포시, 경기도, 10129, 대한민국"
14,4927,풍무,김포골드라인,37.612488,126.732387,"김포대로, 사우동, 태리, 김포시, 10113, 대한민국"
15,4926,사우(김포시청),김포골드라인,37.620249,126.719731,"52, 사우중로, 사우동, 김포시, 경기도, 10109, 대한민국"
16,4925,걸포북변,김포골드라인,37.63165,126.705975,"김포대로, 북변동, 김포시, 경기도, 10106, 대한민국"
17,4924,운양,김포골드라인,37.653867,126.68393,"227, 김포한강1로, 운양동, 김포시, 10078, 대한민국"
18,4923,장기,김포골드라인,37.643986,126.669017,"신한프라자, 113, 김포한강4로, 구래동, 양촌읍, 김포시, 10083, 대한민국"
19,4922,마산,김포골드라인,37.640732,126.644344,"김포한강3로, 마산동, 구래리, 김포시, 10067, 대한민국"
20,4921,구래,김포골드라인,37.645384,126.628633,"E-Mart, 71, 김포한강7로, 구래동, 양곡리, 김포시, 10071, 대한민국"
21,4920,양촌,김포골드라인,37.642379,126.614309,"76, 양촌역길, 구래동, 양촌읍, 김포시, 10045, 대한민국"
22,4815,원시,서해선,37.302371,126.786691,"산단로, 원시동, 단원구, 안산시, 15600, 대한민국"
23,4814,원곡,서해선,37.31321,126.796261,"자매네찌개전문점, 60, 동산로, 원시동, 단원구, 안산시, 15434, 대한민국"
24,4813,초지,서해선,37.319619,126.808147,"초지, 초지역지하차도, 초지동, 단원구, 안산시, 15386, 대한민국"
25,4812,선부,서해선,37.334353,126.809904,"선부광장로, 선부동, 단원구, 안산시, 15368, 대한민국"
26,4811,달미,서해선,37.348847,126.809409,"달미작은도서관, 25-9, 선삼로4안길, 단원구, 안산시, 15212, 대한민국"
27,4810,시흥능곡,서해선,37.369864,126.808573,"시흥대로, 능곡동, 시흥시, 14999, 대한민국"
28,4809,시흥시청,서해선,37.382223,126.805625,"시흥시청역 3번 출입구, 시청공원로, 광석동, 연성동, 시흥시, 14998, 대한민국"
29,4808,신현,서해선,37.409008,126.788017,"신현역 2번 출입구, 시흥대로, 미산동, 신현동, 시흥시, 14957, 대한민국"
30,4807,신천,서해선,37.439066,126.786788,"신천로100번길, 신천동, 시흥시, 14950, 대한민국"
31,4806,시흥대야,서해선,37.450145,126.793041,"시흥대야, 복지로120번길, 영남2차아파트, 대야동, 시흥시, 14907, 대한민국"
32,4805,소새울,서해선,37.468467,126.797252,"소새울, 120, 소사로, 소사본동, 소사구, 부천시, 경기도, 14699, 대한민국"
33,4804,소사,서해선,37.483279,126.795023,"소사로, 소사동, 원미구, 부천시, 경기도, 14647, 대한민국"
34,4713,신설동,우이신설선,37.576095,127.023242,"신설동, 보문로, 숭인2동, 종로구, 서울특별시, 02586, 대한민국"
35,4712,보문,우이신설선,37.585286,127.019381,"이디야, 111 (보문동2가,(1층)), 보문로, 보문동4가, 보문동, 성북구, 서울특별시, 02858, 대한민국"
36,4711,성신여대입구(돈암),우이신설선,37.592467,127.016516,"동소문로20길, 동선동1가, 동선동, 성북구, 서울특별시, 02847, 대한민국"
37,4710,정릉,우이신설선,37.603133,127.013396,"아리랑고개입구 삼거리, 아리랑로, 정릉2동, 성북구, 서울특별시, 02815, 대한민국"
38,4709,북한산보국문,우이신설선,37.612072,127.008251,"록녹, 92, 지상2층 (정릉동), 보국문로, 정릉4동, 성북구, 서울특별시, 02713, 대한민국"
39,4708,솔샘,우이신설선,37.620238,127.013626,"서울삼광교회, 188, 솔샘로, 삼각산동, 강북구, 서울특별시, 01192, 대한민국"
40,4707,삼양사거리,우이신설선,37.621337,127.020473,"삼양로, 송천동, 강북구, 서울특별시, 01121, 대한민국"
41,4706,삼양,우이신설선,37.626914,127.018106,"삼양, 삼양로, 삼양동, 강북구, 서울특별시, 01121, 대한민국"
42,4705,화계,우이신설선,37.634133,127.017511,"삼양로, 수유1동, 강북구, 서울특별시, 01100, 대한민국"
43,4704,가오리,우이신설선,37.641537,127.016789,"주문진 회센타, 424, 삼양로, 수유2동, 강북구, 서울특별시, 01041, 대한민국"
44,4703,4.19민주묘지,우이신설선,37.649502,127.013684,"목포홍탁, 522, 삼양로, 우이동, 수유2동, 강북구, 서울특별시, 01044, 대한민국"
45,4702,솔밭공원,우이신설선,37.65603,127.013273,"삼양로, 우이동, 쌍문1동, 강북구, 서울특별시, 01006, 대한민국"
46,4701,북한산우이,우이신설선,37.662909,127.012706,"삼양로, 우이동, 강북구, 서울특별시, 01360, 대한민국"
47,4615,탑석,의정부선,37.733579,127.088704,"용현동, 의정부시, 11789, 대한민국"
48,4614,송산,의정부선,37.737279,127.087159,"용현동, 의정부시, 11789, 대한민국"
49,4613,어룡,의정부선,37.742802,127.085035,"어룡역, 충의로124번길, 의정부시, 11803, 대한민국"
50,4612,곤제,의정부선,37.750471,127.083715,"부용천 자전거길, 자금동, 의정부시, 경기도, 11772, 대한민국"
51,4611,효자,의정부선,37.754025,127.076902,"부용천 자전거길, 신곡2동, 의정부시, 경기도, 11775, 대한민국"
52,4610,경기도청북부청사,의정부선,37.75059,127.071495,"미사리밀밭초계국수&닭칼국수, 620, 장곡로, 신곡2동, 의정부시, 경기도, 11775, 대한민국"
53,4609,새말,의정부선,37.748885,127.06362,"부용천 자전거길, 신곡2동, 의정부시, 경기도, 11775, 대한민국"
54,4608,동오,의정부선,37.745271,127.056947,"동오, 장곡로, 신곡2동, 의정부시, 경기도, 11740, 대한민국"
55,4607,의정부중앙,의정부선,37.743676,127.049565,"의정부중앙, 호국로, 의정부동, 의정부1동, 경기도, 11689, 대한민국"
56,4606,흥선,의정부선,37.743302,127.037023,"호국로, 의정부2동, 의정부시, 경기도, 11672, 대한민국"
57,4605,의정부시청,의정부선,37.739256,127.034781,"의정부시청, 69, 의정로, 의정부2동, 의정부시, 경기도, 11672, 대한민국"
58,4604,경전철의정부,의정부선,37.737202,127.043257,"의정부2동, 의정부시, 11651, 대한민국"
59,4603,범골,의정부선,37.728755,127.04353,"신흥로, 호원2동, 경기도, 11632, 대한민국"
60,4602,회룡,의정부선,37.725006,127.047073,"363, 평화로, 호원1동, 호원2동, 경기도, 11637, 대한민국"
61,4601,발곡,의정부선,37.727048,127.052803,"발곡, 장곡로, 신곡1동, 의정부시, 경기도, 11733, 대한민국"
62,4517,전대.에버랜드,에버라인선,37.285342,127.219561,"전대·에버랜드, 에버랜드로, 처인구, 용인시, 경기도, 17028, 대한민국"
63,4515,둔전,에버라인선,37.267051,127.21364,"둔전, 경안천로, 처인구, 용인시, 경기도, 17038, 대한민국"
64,4514,보평,에버라인선,37.258965,127.218457,"경안천 자전거길, 고림동, 처인구, 용인시, 17041, 대한민국"
65,4513,고진,에버라인선,37.24484,127.214251,"경안천 자전거길, 유방동, 처인구, 용인시, 17148, 대한민국"
66,4512,운동장.송담대,에버라인선,37.237845,127.209198,"김량장동, 동성그린빌라, 처인구, 용인시, 경기도, 17153, 대한민국"
67,4511,김량장,에버라인선,37.237247,127.198781,"금학천 자전거길, 역북동, 처인구, 용인시, 경기도, 17055, 대한민국"
68,4510,명지대,에버라인선,37.237964,127.190294,"명지대, 금학천 자전거길, 역북동, 처인구, 용인시, 경기도, 17055, 대한민국"
69,4509,시청.용인대,에버라인선,37.239151,127.178406,"시청 용인대역 1번출구, 금학천 자전거길, 역북동, 처인구, 용인시, 경기도, 17020, 대한민국"
70,4508,삼가,에버라인선,37.242115,127.168075,"중부대로, 삼가동, 처인구, 용인시, 17091, 대한민국"
71,4506,초당,에버라인선,37.260752,127.159443,"초당, 초당지하차도, 기흥구, 용인시, 17013, 대한민국"
72,4505,동백,에버라인선,37.269043,127.152716,"동백, 동백3로, 중동, 기흥구, 용인시, 경기도, 17009, 대한민국"
73,4504,어정,에버라인선,37.274917,127.143714,"어정, 신갈천자전거길, 구갈동, 기흥구, 용인시, 경기도, 16977, 대한민국"
74,4503,지석,에버라인선,37.269606,127.136515,"신갈천자전거길, 구갈동, 기흥구, 용인시, 경기도, 16977, 대한민국"
75,4502,강남대,에버라인선,37.270161,127.126033,"강남대, 강남대지하차도, 구갈동, 기흥구, 용인시, 경기도, 16978, 대한민국"
76,4501,기흥,에버라인선,37.275449,127.116665,"기흥, 신갈천자전거길, 구갈동, 기흥구, 용인시, 경기도, 17065, 대한민국"
77,4411,관악산(서울대),신림선,37.4691018,126.9450639,"신림로3길, 녹두거리, 대학동, 관악구, 서울특별시, 08825, 대한민국"
78,4410,서울대벤처타운,신림선,37.4720019,126.9339351,"신림로, 서림동, 관악구, 서울특별시, 08845, 대한민국"
79,4409,서원,신림선,37.4782341,126.9330365,"신림로, 서원동, 관악구, 서울특별시, 08845, 대한민국"
80,4408,신림,신림선,37.4849266,126.9296159,"SK허브그린, 344, 신림로, 신림동, 관악구, 서울특별시, 08754, 대한민국"
81,4407,당곡,신림선,37.4902998,126.9275133,"보라매로, 보라매동, 관악구, 서울특별시, 08708, 대한민국"
82,4406,보라매병원,신림선,37.4929598,126.9234964,"집밥, 23, 보라매로5길, 신대방동, 신대방2동, 동작구, 서울특별시, 07071, 대한민국"
83,4405,보라매공원,신림선,37.4955691,126.9180827,"여의대방로20길, 신대방동, 신대방2동, 동작구, 서울특별시, 07062, 대한민국"
84,4404,보라매,신림선,37.5002739,126.9204355,"보라매, 여의대방로, 대방동, 동작구, 서울특별시, 07391, 대한민국"
85,4403,서울지방병무청,신림선,37.5060464,126.9227083,"신길7동, 영등포구, 서울특별시, 07360, 대한민국"
86,4402,대방,신림선,37.5133059,126.9257265,"2, 대방지하차도, 대방동, 동작구, 서울특별시, 07354, 대한민국"
87,4401,샛강,신림선,37.5170969,126.929399,"여의동로, 여의동, 영등포구, 서울특별시, 07343, 대한민국"
88,4319,광교(경기대),신분당선(연장),37.30211,127.044483,"광교, 55, 대학로, 이의동, 영통구, 수원시, 16226, 대한민국"
89,4318,광교중앙(아주대),신분당선(연장),37.288617,127.051478,"광교중앙.경기도청.아주대역환승센터(지하1층), 도청로, 영통구, 수원시, 16508, 대한민국"
90,4317,상현,신분당선(연장),37.297664,127.069342,"신명프라자, 310, 광교중앙로, 상현동, 신봉동, 수지구, 용인시, 경기도, 16944, 대한민국"
91,4316,성복,신분당선(연장),37.313335,127.0801,"수지로, 신봉동, 수지구, 용인시, 16858, 대한민국"
92,4315,수지구청,신분당선(연장),37.322702,127.095026,"118, 풍덕천로, 풍덕천동, 신봉동, 수지구, 용인시, 16841, 대한민국"
93,4314,동천,신분당선(연장),37.337928,127.102976,"동천, 신수로, 신봉동, 수지구, 용인시, 경기도, 16865, 대한민국"
94,4313,미금,신분당선(연장),37.349982,127.108918,"미금, 돌마로, 분당구, 성남시, 경기도, 13630, 대한민국"
95,4312,정자,신분당선,37.367098,127.108403,"정자역 6번출구, 탄천 자전거도로, 백현동, 분당, 분당구, 성남시, 경기도, 13555, 대한민국"
96,4311,판교,신분당선,37.394761,127.112217,"크래프톤타워, 117, 분당내곡로, 백현동, 판교, 분당구, 성남시, 경기도, 13529, 대한민국"
97,4310,청계산입구,신분당선,37.447211,127.055664,"청계산, 203,, 청계산로, 내곡동, 양재2동, 서초구, 서울특별시, 06794, 대한민국"
98,4309,양재시민의숲(매헌),신분당선,37.470023,127.03842,"양재시민의숲, 강남대로, 양재동, 양재2동, 서초구, 서울특별시, 06779, 대한민국"
99,4308,양재(서초구청),신분당선,37.483809,127.034653,"양재, 강남대로, 양재1동, 서초구, 서울특별시, 06267, 대한민국"
100,4307,강남,신분당선,37.496837,127.028104,"두산베어스텔오피스텔, 381, 강남대로, 서초2동, 서초구, 서울특별시, 06620, 대한민국"
101,4306,신논현,신분당선(연장2),37.504598,127.02506,"808김밥, 106, 봉은사로, 역삼1동, 강남구, 서울특별시, 06121, 대한민국"
102,4305,논현,신분당선(연장2),37.511093,127.021415,"강남대로, 논현1동, 강남구, 서울특별시, 06044, 대한민국"
103,4304,신사,신분당선(연장2),37.516334,127.020114,"도산대로, 논현동, 신사동, 강남구, 서울특별시, 06040, 대한민국"
104,4217,영종,공항철도1호선,37.51202,126.524254,"영종역 1번출구, 인천국제공항고속도로, 운북동, 영종동, 중구, 인천광역시, 22372, 대한민국"
105,4215,인천공항2터미널,공항철도1호선,37.460699,126.441442,"인천국제공항, 272, 공항로, 운서동, 중구, 인천광역시, 22379, 대한민국"
106,4213,인천공항1터미널,공항철도1호선,37.447464,126.452508,"인천국제공항 제1여객터미널 교통센터, 271, 공항로, 운서동, 중구, 인천광역시, 22382, 대한민국"
107,4212,공항화물청사,공항철도1호선,37.459041,126.477516,"공항화물청사, 공항동로135번길, 운서동, 중구, 인천광역시, 22379, 대한민국"
108,4211,운서,공항철도1호선,37.492904,126.49379,"2, 인천국제공항고속도로, 운서동, 중구, 인천광역시, 22371, 대한민국"
109,4210,청라국제도시,공항철도1호선,37.556409,126.624648,"2, 인천국제공항고속도로, 청라3동, 서구, 인천광역시, 22689, 대한민국"
110,4209,검암,공항철도1호선,37.569098,126.674007,"1, 서곶로, 검암동, 검암경서동, 서구, 인천광역시, 22694, 대한민국"
111,4208,계양,공항철도1호선,37.571662,126.7363,"24, 다남로, 귤현동, 계양1동, 계양구, 인천광역시, 21015, 대한민국"
112,4207,김포공항,공항철도1호선,37.561842,126.801904,"김포공항, 하늘길, 방화2동, 강서구, 서울특별시, 07612, 대한민국"
113,4206,마곡나루,공항철도1호선,37.565543,126.827378,"마곡나루, 마곡중앙로, 마곡지구도시개발지구, 가양1동, 강서구, 서울특별시, 07800, 대한민국"
114,4204,디지털미디어시티,공항철도1호선,37.576958,126.898609,"성암로, 21통, 상암동, 마포구, 서울특별시, 03927, 대한민국"
115,4203,홍대입구,공항철도1호선,37.557438,126.926715,"190-1, 양화로, 동교동, 서교동, 마포구, 서울특별시, 04051, 대한민국"
116,4202,공덕,공항철도1호선,37.54253,126.952024,"아비꼬공덕역점, 92, 마포대로, 43통, 공덕동, 마포구, 서울특별시, 04146, 대한민국"
117,4201,서울역,공항철도1호선,37.553247,126.969769,"405, 한강대로, 동자동, 남영동, 용산구, 서울특별시, 04320, 대한민국"
118,4138,중앙보훈병원,9호선(연장),37.529191,127.148739,"동남로, 둔촌동, 둔촌2동, 강동구, 서울특별시, 05367, 대한민국"
119,4137,둔촌오륜,9호선(연장),37.519683,127.137989,"강동대로, 둔촌1동, 강동구, 서울특별시, 05408, 대한민국"
120,4136,올림픽공원(한국체대),9호선(연장),37.516269,127.130288,"파리크라상, 양재대로 자전거 전용, 오륜동, 송파구, 서울특별시, 05649, 대한민국"
121,4135,한성백제,9호선(연장),37.516404,127.116503,"한성백제, 51, 위례성대로, 오륜동, 송파구, 서울특별시, 05628, 대한민국"
122,4134,송파나루,9호선(연장),37.510372,127.112216,"박인숙국회의원사무실, 446, 백제고분로, 방이동, 방이2동, 송파구, 서울특별시, 05545, 대한민국"
123,4133,석촌,9호선(연장),37.505208,127.10704,"송파대로, 석촌동, 송파구, 서울특별시, 05616, 대한민국"
124,4132,석촌고분,9호선(연장),37.502558,127.097033,"삼학사로, 삼전동, 송파구, 서울특별시, 05603, 대한민국"
125,4131,삼전,9호선(연장),37.504738,127.088025,"파크인수아파트, 187, 백제고분로, 삼전동, 잠실본동, 송파구, 서울특별시, 05567, 대한민국"
126,4130,종합운동장,9호선(연장),37.511426,127.076275,"올림픽로, 잠실7동, 송파구, 서울특별시, 05556, 대한민국"
127,4129,봉은사,9호선(연장),37.514219,127.060245,"봉은사로, 삼성동, 삼성1동, 강남구, 서울특별시, 06081, 대한민국"
128,4128,삼성중앙,9호선(연장),37.513011,127.053282,"지오에프앤비, 575,, 삼성로, 삼성2동, 강남구, 서울특별시, 06156, 대한민국"
129,4127,선정릉,9호선(연장),37.510297,127.043999,"미팅룸 선정릉, 404,, 봉은사로, 삼성2동, 강남구, 서울특별시, 06096, 대한민국"
130,4126,언주,9호선(연장),37.507287,127.033868,"플렉스, 177,, 봉은사로, 논현1동, 강남구, 서울특별시, 06135, 대한민국"
131,4125,신논현,9호선,37.504598,127.02506,"808김밥, 106, 봉은사로, 역삼1동, 강남구, 서울특별시, 06121, 대한민국"
132,4124,사평,9호선,37.504206,127.015259,"사평대로, 반포1동, 서초구, 서울특별시, 06598, 대한민국"
133,4123,고속터미널,9호선,37.50598,127.004403,"신반포로23길, 반포4동, 서초구, 서울특별시, 06545, 대한민국"
134,4122,신반포,9호선,37.503415,126.995925,"반포2동, 서초구, 서울특별시, 06504, 대한민국"
135,4121,구반포,9호선,37.501364,126.987332,"반포본동, 서초구, 서울특별시, 06504, 대한민국"
136,4120,동작(현충원),9호선,37.502878,126.978153,"동작테니스장, 현충로, 동작동, 사당2동, 동작구, 서울특별시, 06984, 대한민국"
137,4119,흑석(중앙대입구),9호선,37.50877,126.963708,"현충로, 흑석동, 노량진1동, 동작구, 서울특별시, 06972, 대한민국"
138,4118,노들,9호선,37.512887,126.953222,"노량진로, 본동, 노량진1동, 동작구, 서울특별시, 06969, 대한민국"
139,4117,노량진,9호선,37.513534,126.941005,"밍구네다방, 132,, 노량진로, 노량진동, 노량진1동, 동작구, 서울특별시, 06922, 대한민국"
140,4116,샛강,9호선,37.517274,126.928422,"샛강, 의사당대로, 여의동, 영등포구, 서울특별시, 07331, 대한민국"
141,4115,여의도,9호선,37.52176,126.92403,"의사당대로, 여의동, 영등포구, 서울특별시, 07328, 대한민국"
142,4114,국회의사당,9호선,37.528105,126.917874,"글래드연회주방, 16, 의사당대로, 여의동, 영등포구, 서울특별시, 07237, 대한민국"
143,4113,당산,9호선,37.533406,126.902809,"당산, 40, 양평로, 당산동5가, 당산2동, 영등포구, 서울특별시, 07214, 대한민국"
144,4112,선유도,9호선,37.53802,126.893525,"더 스테이트 선유 호텔, 132, 양평로, 양평동5가, 양평2동, 영등포구, 서울특별시, 07205, 대한민국"
145,4111,신목동,9호선,37.544277,126.88308,"안양천로, 목2동, 양천구, 서울특별시, 07969, 대한민국"
146,4110,염창,9호선,37.546936,126.874916,"어바니엘주상복합, 630, 공항대로, 목2동, 양천구, 서울특별시, 07556, 대한민국"
147,4109,등촌,9호선,37.550632,126.865689,"538, 공항대로, 목3동, 양천구, 서울특별시, 07946, 대한민국"
148,4108,증미,9호선,37.557402,126.861939,"증미, 양천로, 가양3동, 강서구, 서울특별시, 07565, 대한민국"
149,4107,가양,9호선,37.561391,126.854456,"488, 양천로, 가양동, 가양2동, 강서구, 서울특별시, 07574, 대한민국"
150,4106,양천향교,9호선,37.568381,126.841333,"양천로, 마곡지구도시개발지구, 가양1동, 강서구, 서울특별시, 07573, 대한민국"
151,4105,마곡나루,9호선,37.566778,126.82731,"마곡나루, 지하 2, 마곡중앙5로, 마곡지구도시개발지구, 가양1동, 강서구, 서울특별시, 07594, 대한민국"
152,4104,신방화,9호선,37.567532,126.816601,"방화1동, 강서구, 서울특별시, 07598, 대한민국"
153,4103,공항시장,9호선,37.563726,126.810678,"방화동로, 공항동, 강서구, 서울특별시, 07622, 대한민국"
154,4102,김포공항,9호선,37.561916,126.802152,"김포공항, 하늘길, 방화2동, 강서구, 서울특별시, 07612, 대한민국"
155,4101,개화,9호선,37.578608,126.798153,"개화, 19, 개화동로8길, 방화2동, 강서구, 서울특별시, 07602, 대한민국"
156,3763,석남(거북시장),7호선,37.5062285,126.6762813,"인천대로, 석남3동, 서구, 인천광역시, 22834, 대한민국"
157,3762,산곡,7호선,37.5086,126.7035277,"마장로, 산곡동, 청천2동, 부평구, 인천광역시, 21312, 대한민국"
158,3761,부평구청,7호선(인천),37.50848,126.72077,"부평구청역 1번 출구, 부평대로, 갈산동, 청천2동, 부평구, 인천광역시, 21333, 대한민국"
159,3760,굴포천,7호선(인천),37.50681,126.73234,"길주로, 부개동, 삼산동, 부평구, 인천광역시, 21351, 대한민국"
160,3759,삼산체육관,7호선(인천),37.50724,126.74179,"삼산체육관역 4번 출구, 수변로, 삼산동, 부평구, 인천광역시, 14505, 대한민국"
161,3758,상동,7호선(인천),37.505814,126.753163,"상동, 길주로, 원미구, 부천시, 경기도, 14543, 대한민국"
162,3757,부천시청,7호선(인천),37.50444,126.76364,"부천시청역 2번 출구, 길주로, 중동, 원미구, 부천시, 경기도, 14538, 대한민국"
163,3756,신중동,7호선(인천),37.50282,126.77566,"신중동역 3번 출구, 길주로, 중동, 원미구, 부천시, 경기도, 14548, 대한민국"
164,3755,춘의,7호선(인천),37.50365,126.78828,"길주로412번길, 준공업지역, 원미구, 부천시, 경기도, 14553, 대한민국"
165,3754,부천종합운동장,7호선(인천),37.50502,126.79661,"부천종합운동장역 인천교통공사 별관, 길주로, 춘의동, 원미구, 부천시, 경기도, 14488, 대한민국"
166,3753,까치울,7호선(인천),37.50613,126.81093,"까치울역 2번출구, 길주로, 부천시, 경기도, 14478, 대한민국"
167,3227,운연(서창),인천2호선,37.440127,126.75997,"운연, 매소홀로, 운연동, 장수서창동, 남동구, 인천광역시, 21604, 대한민국"
168,3226,인천대공원,인천2호선,37.448769,126.752618,"수인로, 장수동, 장수서창동, 남동구, 인천광역시, 21604, 대한민국"
169,3225,남동구청,인천2호선,37.448161,126.736939,"인주대로, 만수6동, 남동구, 인천광역시, 21591, 대한민국"
170,3224,만수,인천2호선,37.454911,126.732094,"구월로372번길, 만수동, 만수1동, 남동구, 인천광역시, 21540, 대한민국"
171,3223,모래내시장,인천2호선,37.45583,126.719298,"호구포로, 남촌동, 구월4동, 남동구, 인천광역시, 21623, 대한민국"
172,3222,석천사거리,인천2호선,37.456805,126.709986,"구월로, 인천광역시교육청, 구월2동, 남동구, 인천광역시, 21554, 대한민국"
173,3221,인천시청,인천2호선,37.456833,126.701306,"구월로, 인천광역시교육청, 간석1동, 남동구, 인천광역시, 21554, 대한민국"
174,3220,석바위시장,인천2호선,37.457611,126.692575,"구월로, 인천광역시교육청, 주안6동, 미추홀구, 인천광역시, 21554, 대한민국"
175,3219,시민공원(문화창작지대),인천2호선,37.458335,126.681192,"아인병원, 경인로, 주안4동, 미추홀구, 인천광역시, 22148, 대한민국"
176,3218,주안,인천2호선,37.464992,126.679098,"4, 주안로, 주안동, 주안1동, 미추홀구, 인천광역시, 22136, 대한민국"
177,3217,주안국가산단,인천2호선,37.473703,126.68113,"86, 길파로, 주안동, 주안5동, 미추홀구, 인천광역시, 22122, 대한민국"
178,3216,가재울,인천2호선,37.484192,126.683673,"가재울, 열우물로, 가좌4동, 서구, 인천광역시, 22821, 대한민국"
179,3215,인천가좌,인천2호선,37.4897,126.675208,"인천대로, 가좌동, 가좌1동, 서구, 인천광역시, 22834, 대한민국"
180,3214,서부여성회관,인천2호선,37.500168,126.675795,"인천대로, 가좌동, 석남2동, 서구, 인천광역시, 22834, 대한민국"
181,3213,석남(거북시장),인천2호선,37.506193,126.676203,"인천대로, 가좌동, 석남2동, 서구, 인천광역시, 22834, 대한민국"
182,3212,가정중앙시장,인천2호선,37.517054,126.676672,"가남로, 가정1동, 서구, 인천광역시, 22799, 대한민국"
183,3211,가정(루원시티),인천2호선,37.524649,126.675539,"봉오대로, 가정1동, 서구, 인천광역시, 22715, 대한민국"
184,3210,서구청,인천2호선,37.543742,126.676787,"녹십자약국, 293, 서곶로, 심곡동, 연희동, 서구, 인천광역시, 22713, 대한민국"
185,3209,아시아드경기장(공촌사거리),인천2호선,37.5517,126.677122,"서곶로, 심곡동, 연희동, 서구, 인천광역시, 22713, 대한민국"
186,3208,검바위,인천2호선,37.561405,126.677566,"서곶로, 검암동, 검암경서동, 서구, 인천광역시, 22698, 대한민국"
187,3207,검암,인천2호선,37.56866,126.675687,"검암, 검바위로, 검암동, 검암경서동, 서구, 인천광역시, 22696, 대한민국"
188,3206,독정,인천2호선,37.585212,126.675844,"검단마트약국, 754, 서곶로, 독가촌, 당하동, 서구, 인천광역시, 22686, 대한민국"
189,3205,완정,인천2호선,37.592928,126.673203,"완정역 4번출구, 서곶로, 마전동, 당하동, 서구, 인천광역시, 22677, 대한민국"
190,3204,마전,인천2호선,37.597566,126.666998,"영남탑스빌웰빙타운, 70, 완정로, 당하동, 서구, 인천광역시, 22640, 대한민국"
191,3203,검단사거리,인천2호선,37.60185,126.657108,"뷰비스타운, 474, 검단로, 오류왕길동, 서구, 인천광역시, 22636, 대한민국"
192,3202,왕길,인천2호선,37.59518,126.642696,"검단로, 오류동, 오류왕길동, 서구, 인천광역시, 22652, 대한민국"
193,3201,검단오류(검단산업단지),인천2호선,37.594877,126.627178,"검단로, 오류동, 오류왕길동, 서구, 인천광역시, 22652, 대한민국"
194,3139,송도달빛축제공원,인천1호선,37.407143,126.62597,"9, 송도2동, 연수구, 인천광역시, 22020, 대한민국"
195,3138,국제업무지구,인천1호선,37.399907,126.630347,"국제업무지구, 지하334, 인천타워대로, 송도4동, 연수구, 인천광역시, 22007, 대한민국"
196,3137,센트럴파크,인천1호선,37.393054,126.634729,"포스코건설 송도사옥, 241, 인천타워대로, 송도4동, 연수구, 인천광역시, 22006, 대한민국"
197,3136,인천대입구,인천1호선,37.386007,126.639484,"인천대입구, 컨벤시아대로, 송도4동, 연수구, 인천광역시, 22009, 대한민국"
198,3135,지식정보단지,인천1호선,37.378384,126.645168,"인천타워대로, 송도동, 송도1동, 연수구, 인천광역시, 21990, 대한민국"
199,3134,테크노파크,인천1호선,37.382268,126.656365,"테크노파크, 지하150, 송도국제대로, 송도동, 송도1동, 연수구, 인천광역시, 21984, 대한민국"
200,3133,캠퍼스타운,인천1호선,37.387855,126.661673,"캠퍼스타운, 송도국제대로, 송도동, 송도1동, 연수구, 인천광역시, 21984, 대한민국"
201,3132,동막,인천1호선,37.397878,126.674005,"승기천 자전거길, 동춘2동, 연수구, 인천광역시, 21699, 대한민국"
202,3131,동춘,인천1호선,37.404737,126.681015,"E-Mart, 경원대로, 동춘3동, 연수구, 인천광역시, 21974, 대한민국"
203,3130,원인재,인천1호선,37.412333,126.687869,"경원대로, 연수2동, 연수구, 인천광역시, 21931, 대한민국"
204,3129,신연수,인천1호선,37.41804,126.693863,"함박뫼로, 연수 대림e편한세상1차아파트, 연수3동, 연수구, 인천광역시, 21936, 대한민국"
205,3128,선학,인천1호선,37.426684,126.698863,"경원대로, 선학동, 연수구, 인천광역시, 21938, 대한민국"
206,3127,문학경기장,인천1호선,37.434935,126.698579,"예술로, 선학동, 연수구, 인천광역시, 22241, 대한민국"
207,3126,인천터미널,인천1호선,37.442383,126.699706,"관교동, 미추홀구, 인천광역시, 22241, 대한민국"
208,3125,예술회관,인천1호선,37.449396,126.701012,"예술로, 인천광역시교육청, 구월1동, 남동구, 인천광역시, 21558, 대한민국"
209,3124,인천시청,인천1호선,37.457263,126.702143,"예술로, 인천광역시교육청, 간석1동, 남동구, 인천광역시, 21558, 대한민국"
210,3123,간석오거리,인천1호선,37.467048,126.707938,"간석4동, 남동구, 인천광역시, 21544, 대한민국"
211,3122,부평삼거리,인천1호선,37.477679,126.710208,"경인로, 부평동, 부평구, 인천광역시, 21435, 대한민국"
212,3121,동수,인천1호선,37.485312,126.718247,"경인로, 부평동, 부평구, 인천광역시, 21408, 대한민국"
213,3120,부평,인천1호선,37.490535,126.723453,"광장로, 부평동, 부평구, 인천광역시, 21404, 대한민국"
214,3119,부평시장,인천1호선,37.498383,126.722244,"부평시장, 부평대로, 부평동, 부평구, 인천광역시, 21393, 대한민국"
215,3118,부평구청,인천1호선,37.508407,126.720555,"부평대로, 갈산동, 청천2동, 부평구, 인천광역시, 21333, 대한민국"
216,3117,갈산,인천1호선,37.517268,126.721514,"부평대로, 갈산동, 청천2동, 부평구, 인천광역시, 21333, 대한민국"
217,3116,작전,인천1호선,37.530415,126.722527,"계양대로, 작전동, 작전2동, 계양구, 인천광역시, 21111, 대한민국"
218,3115,경인교대입구,인천1호선,37.538157,126.722597,"계양대로, 계산동, 계산1동, 계양구, 인천광역시, 21054, 대한민국"
219,3114,계산,인천1호선,37.543238,126.728128,"경명대로, 계산2동, 계양구, 인천광역시, 21050, 대한민국"
220,3113,임학,인천1호선,37.545059,126.738665,"임학, 장제로875번길, 임학동, 계양2동, 계양구, 인천광역시, 21035, 대한민국"
221,3112,박촌,인천1호선,37.553703,126.745077,"박촌, 장제로995번길, 박촌동, 계양1동, 계양구, 인천광역시, 21022, 대한민국"
222,3111,귤현,인천1호선,37.566379,126.742654,"귤현, 장제로, 계양3동, 계양구, 인천광역시, 21015, 대한민국"
223,3110,계양,인천1호선,37.571449,126.73578,"계양, 다남로, 귤현동, 계양1동, 계양구, 인천광역시, 21015, 대한민국"
224,2828,남위례,8호선,37.4624,127.13977,"남위례, 간이골지하차도, 복정동, 수정구, 성남시, 13646, 대한민국"
225,2827,모란,8호선,37.433824,127.129837,"모란고가교, 산성대로, 둔전동, 중원구, 성남시, 경기도, 13314, 대한민국"
226,2826,수진,8호선,37.437428,127.140722,"수진, 산성대로, 성남동, 중원구, 성남시, 경기도, 13356, 대한민국"
227,2825,신흥,8호선,37.440918,127.147564,"산성대로, 중앙동, 중원구, 성남시, 13354, 대한민국"
228,2824,단대오거리,8호선,37.44521,127.156866,"희망로, 수정구, 성남시, 13179, 대한민국"
229,2823,남한산성입구(성남법원.검찰청),8호선,37.451535,127.159816,"남한산성입구, 산성대로, 양지동, 수정구, 성남시, 13136, 대한민국"
230,2822,산성,8호선,37.457122,127.149908,"산성, 헌릉로, 산성동, 수정구, 성남시, 13115, 대한민국"
231,2821,복정,8호선,37.471052,127.126732,"GS25, 송파대로, 위례동, 송파구, 서울특별시, 05845, 대한민국"
232,2820,장지,8호선,37.478703,127.126191,"장지역.가든파이브(중), 송파대로, 장지동, 문정2동, 송파구, 서울특별시, 05838, 대한민국"
233,2819,문정,8호선,37.485855,127.1225,"문정, 송파대로, 문정동, 문정2동, 송파구, 서울특별시, 05806, 대한민국"
234,2818,가락시장,8호선,37.492888,127.118398,"송파대로, 가락1동, 송파구, 서울특별시, 05833, 대한민국"
235,2817,송파,8호선,37.499703,127.112183,"송파, 송파대로, 석촌동, 가락1동, 송파구, 서울특별시, 05676, 대한민국"
236,2816,석촌,8호선,37.505557,127.106832,"송파대로, 석촌동, 송파구, 서울특별시, 05616, 대한민국"
237,2815,잠실(송파구청),8호선,37.514692,127.104338,"롯데월드몰, 300, 올림픽로, 신천동, 잠실6동, 송파구, 서울특별시, 05551, 대한민국"
238,2814,몽촌토성(평화의문),8호선,37.517409,127.112359,"올림픽로, 오륜동, 행정동, 송파구, 서울특별시, 05543, 대한민국"
239,2813,강동구청,8호선,37.530341,127.120508,"올림픽로, 성내동, 성내1동, 강동구, 서울특별시, 05391, 대한민국"
240,2812,천호(풍납토성),8호선,37.538113,127.123254,"올림픽로, 성내2동, 강동구, 서울특별시, 05519, 대한민국"
241,2811,암사,8호선,37.55021,127.127562,"올림픽로, 암사1동, 강동구, 서울특별시, 05241, 대한민국"
242,2810,암사역사공원,8호선,37.55695,127.13702,"아리수로, 암사동, 암사3동, 강동구, 서울특별시, 05236, 대한민국"
243,2809,장자호수공원,별내선,37.58738,127.13794,"장지호수공원, 체육관로, 구리시, 11948, 대한민국"
244,2808,구리,별내선,37.60262,127.1407,"건원대로, 수택동, 구리시, 경기도, 11926, 대한민국"
245,2807,동구릉,별내선,37.61105,127.13793,"동구릉로, 인창동, 구리시, 11915, 대한민국"
246,2806,다산,별내선,37.62429,127.14973,"다산, 다산중앙로123번길, 다산1동, 남양주시, 12248, 대한민국"
247,2805,별내,별내선,37.64232,127.1276,"별내, 순화궁로, 별내동, 퇴계원리, 남양주시, 경기도, 12113, 대한민국"
248,2761,부평구청,7호선,37.507394,126.721599,"길주로, 부평동, 청천2동, 부평구, 인천광역시, 21335, 대한민국"
249,2760,굴포천,7호선,37.506997,126.73128,"장제로, 부평동, 부평구, 인천광역시, 21355, 대한민국"
250,2759,삼산체육관,7호선,37.506411,126.742153,"길주로, 부개동, 삼산동, 부평구, 인천광역시, 14505, 대한민국"
251,2758,상동,7호선,37.505781,126.753083,"메가플러스, 90, 상동로, 원미구, 부천시, 경기도, 14545, 대한민국"
252,2757,부천시청,7호선,37.504631,126.763538,"189, 길주로, 중동, 원미구, 부천시, 경기도, 14538, 대한민국"
253,2756,신중동,7호선,37.503048,126.77596,"계남고가도로, 중동, 원미구, 부천시, 경기도, 14548, 대한민국"
254,2755,춘의,7호선,37.503663,126.787036,"부천로, 원미구, 부천시, 경기도, 14488, 대한민국"
255,2754,부천종합운동장,7호선,37.50538,126.797337,"소사로, 춘의동, 원미구, 부천시, 경기도, 14553, 대한민국"
256,2753,까치울,7호선,37.506207,126.810939,"까치울역 2번출구, 길주로, 부천시, 경기도, 14478, 대한민국"
257,2752,온수(성공회대입구),7호선,37.492092,126.823023,"4, 부일로, 온수동, 수궁동, 구로구, 서울특별시, 08259, 대한민국"
258,2751,천왕,7호선,37.486637,126.838713,"오리로, 오류동, 오류2동, 구로구, 서울특별시, 08363, 대한민국"
259,2750,광명사거리,7호선,37.479252,126.854876,"오리로, 광명4동, 광명시, 경기도, 14220, 대한민국"
260,2749,철산,7호선,37.47605,126.867911,"20, 철산로, 철산상업지구, 철산3동, 광명시, 14238, 대한민국"
261,2748,가산디지털단지,7호선,37.480338,126.882656,"1, 벚꽃로40길, 가산동, 금천구, 서울특별시, 08510, 대한민국"
262,2747,남구로,7호선,37.486056,126.887249,"남구로, 7, 도림로, 가리봉동, 구로4동, 구로구, 서울특별시, 08320, 대한민국"
263,2746,대림(구로구청),7호선,37.493013,126.897075,"금탑, 134 (대림동,지하1층), 도림로, 대림2동, 영등포구, 서울특별시, 07419, 대한민국"
264,2745,신풍,7호선,37.50008,126.90993,"60계치킨서울신풍역점, 33, 신영빌딩 1층 (신길동), 신풍로, 신길6동, 영등포구, 서울특별시, 07435, 대한민국"
265,2744,보라매,7호선,37.499872,126.920428,"보스톤커피(일반음식점), 142,, 여의대방로, 대방동, 동작구, 서울특별시, 07056, 대한민국"
266,2743,신대방삼거리,7호선,37.499701,126.928276,"유태우스시, 113, 보라매로, 대방동, 동작구, 서울특별시, 07042, 대한민국"
267,2742,장승배기,7호선,37.504898,126.93915,"아마르, 181, 상도로, 상도2동, 동작구, 서울특별시, 06937, 대한민국"
268,2741,상도,7호선,37.502834,126.94791,"구구족 배달 상도역점, 274-1,, 상도로, 상도1동, 동작구, 서울특별시, 06968, 대한민국"
269,2740,숭실대입구(살피재),7호선,37.496029,126.953822,"숭실대입구역2번출구, 상도로, 상도1동, 동작구, 서울특별시, 06971, 대한민국"
270,2739,남성,7호선,37.484596,126.971251,"뉴욕샌드위치남성역점, 206, 사당로, 사당동, 사당5동, 동작구, 서울특별시, 07004, 대한민국"
271,2738,이수,7호선,37.485196,126.981605,"(주) 세녹코리아, 304,, 사당로, 사당1동, 동작구, 서울특별시, 07008, 대한민국"
272,2737,내방,7호선,37.487618,126.993513,"블루노트, 101, 서초대로, 방배본동, 서초구, 서울특별시, 06573, 대한민국"
273,2736,고속터미널,7호선,37.503367,127.005068,"고속터미널역 3번출구, 사평대로, 서래마을, 반포4동, 서초구, 서울특별시, 06591, 대한민국"
274,2735,반포,7호선,37.508178,127.011727,"신반포로, 반포1동, 서초구, 서울특별시, 06522, 대한민국"
275,2734,논현,7호선,37.511093,127.021415,"강남대로, 논현1동, 강남구, 서울특별시, 06044, 대한민국"
276,2733,학동,7호선,37.514229,127.031656,"스팀피쳐, 208,, 학동로, 논현2동, 강남구, 서울특별시, 06058, 대한민국"
277,2732,강남구청,7호선,37.517179,127.041255,"강남구청, 선릉로, 논현2동, 강남구, 서울특별시, 06059, 대한민국"
278,2731,청담,7호선,37.519365,127.05335,"학동로, 삼성동, 삼성1동, 강남구, 서울특별시, 06074, 대한민국"
279,2730,뚝섬유원지,7호선,37.53154,127.066704,"누룽지통닭뚝섬유원지점, 7, 능동로, 자양동, 자양4동, 광진구, 서울특별시, 05096, 대한민국"
280,2729,건대입구,7호선,37.540786,127.071011,"우반장, 109, 능동로, 모진동, 화양동, 광진구, 서울특별시, 05030, 대한민국"
281,2728,어린이대공원(세종대),7호선,37.548014,127.074658,"세종대학교, 209, 능동로, 군자동, 광진구, 서울특별시, 05006, 대한민국"
282,2727,군자(능동),7호선,37.556897,127.079338,"능동사거리 횡단보도, 군자동, 광진구, 서울특별시, 04919, 대한민국"
283,2726,중곡,7호선,37.565923,127.08432,"보건행정복지타운, 400, 능동로, 중곡3동, 광진구, 서울특별시, 04908, 대한민국"
284,2725,용마산,7호선,37.573647,127.086727,"1동, 228, 용마산로, 면목4동, 중랑구, 서울특별시, 02255, 대한민국"
285,2724,사가정,7호선,37.580894,127.088478,"326, 면목로, 면목동, 면목3·8동, 중랑구, 서울특별시, 02214, 대한민국"
286,2723,면목,7호선,37.588579,127.087503,"418, 면목로, 면목본동, 중랑구, 서울특별시, 02219, 대한민국"
287,2722,상봉(시외버스터미널),7호선,37.595577,127.085716,"491, 면목로, 상봉2동, 중랑구, 서울특별시, 02098, 대한민국"
288,2721,중화,7호선,37.602545,127.079264,"동일로, 중화동, 중화1동, 중랑구, 서울특별시, 02102, 대한민국"
289,2720,먹골,7호선,37.610637,127.077725,"묵동우체국, 895, 동일로, 묵2동, 중랑구, 서울특별시, 02088, 대한민국"
290,2719,태릉입구,7호선,37.618294,127.075397,"985, 동일로, 공릉1동, 노원구, 서울특별시, 01844, 대한민국"
291,2718,공릉(서울과학기술대),7호선,37.625742,127.072896,"동일로, 공릉1동, 노원구, 서울특별시, 01844, 대한민국"
292,2717,하계,7호선,37.636352,127.06799,"동일로, 하계동, 하계1동, 노원구, 서울특별시, 01783, 대한민국"
293,2716,중계,7호선,37.644583,127.064303,"동일로, 중계2·3동, 노원구, 서울특별시, 01768, 대한민국"
294,2715,노원,7호선,37.654836,127.060462,"동일로, 상계2동, 노원구, 서울특별시, 01689, 대한민국"
295,2714,마들,7호선,37.66494,127.057675,"동일로, 상계9동, 노원구, 서울특별시, 01678, 대한민국"
296,2713,수락산,7호선,37.67785,127.055315,"수락산, 지하 1662, 동일로, 상계1동, 노원구, 서울특별시, 01612, 대한민국"
297,2712,도봉산,7호선,37.689241,127.046509,"964-40, 도봉로, 도봉2동, 도봉구, 서울특별시, 01318, 대한민국"
298,2711,장암,7호선,37.700109,127.053196,"121, 동일로, 장암동, 의정부시, 경기도, 11725, 대한민국"
299,2649,신내,6호선,37.613174,127.102231,"신내역, 20, 신내역로, 신내1동, 중랑구, 서울특별시, 02053, 대한민국"
300,2648,봉화산(서울의료원),6호선,37.617283,127.091401,"신내로, 신내동, 신내2동, 중랑구, 서울특별시, 02024, 대한민국"
301,2647,화랑대(서울여대입구),6호선,37.620064,127.084689,"북부간선도로, 묵1동, 중랑구, 서울특별시, 01828, 대한민국"
302,2646,태릉입구,6호선,37.617338,127.074735,"화랑로, 공릉1동, 노원구, 서울특별시, 01856, 대한민국"
303,2645,석계,6호선,37.614872,127.065595,"화랑로, 석관동, 성북구, 서울특별시, 02781, 대한민국"
304,2644,돌곶이,6호선,37.610537,127.056431,"북부간선도로, 석관동, 성북구, 서울특별시, 02772, 대한민국"
305,2643,상월곡(한국과학기술연구원),6호선,37.606377,127.048491,"북부간선도로, 석관동, 월곡2동, 성북구, 서울특별시, 02772, 대한민국"
306,2642,월곡(동덕여대),6호선,37.601948,127.041518,"월곡, 월곡로, 하월곡동, 월곡2동, 성북구, 서울특별시, 02751, 대한민국"
307,2641,고려대(종암),6호선,37.590508,127.036296,"고려대, 145, 안암로, 종암동, 성북구, 서울특별시, 02841, 대한민국"
308,2640,안암(고대병원앞),6호선,37.586272,127.029005,"공주밤빵, 지하 89, 안암역 지하1층 639-1703호 (안암동5가), 고려대로, 안암동2가, 안암동, 성북구, 서울특별시, 02841, 대한민국"
309,2639,보문,6호선,37.585274,127.019351,"지봉로, 보문동2가, 보문동, 성북구, 서울특별시, 02870, 대한민국"
310,2638,창신,6호선,37.579661,127.015241,"오복분식, 107, 지봉로, 숭인동, 숭인1동, 종로구, 서울특별시, 03108, 대한민국"
311,2637,동묘앞,6호선,37.572279,127.015653,"반구정 민물장어, 29,, 지봉로, 창신1동, 종로구, 서울특별시, 03121, 대한민국"
312,2636,신당,6호선,37.566154,127.016146,"신당역맛집 돈사돈, 257, 1층 (흥인동), 다산로, 흥인동, 2통, 신당동, 중구, 서울특별시, 04570, 대한민국"
313,2635,청구,6호선,37.560608,127.013986,"백두산 양꼬치, 193 (신당동,지상1층), 다산로, 4통, 신당동, 중구, 서울특별시, 04610, 대한민국"
314,2634,약수,6호선,37.554263,127.010358,"역전할머니맥주 서울약수점, 117, 2층 (신당동), 다산로, 한남동, 다산동, 중구, 서울특별시, 04597, 대한민국"
315,2633,버티고개,6호선,37.548013,127.007055,"다산로, 한남동, 약수동, 중구, 서울특별시, 04597, 대한민국"
316,2632,한강진,6호선,37.539631,127.001725,"이태원로, 한남동, 용산구, 서울특별시, 04399, 대한민국"
317,2631,이태원,6호선,37.534488,126.994302,"오퍼스 원, 182,, 이태원로, 이태원, 이태원1동, 용산구, 서울특별시, 04391, 대한민국"
318,2630,녹사평(용산구청),6호선,37.534675,126.986695,"이태원로, 용산동4가, 용산2가동, 용산구, 서울특별시, 04343, 대한민국"
319,2629,삼각지,6호선,37.535534,126.974032,"이태원로, 한강로1가, 한강로동, 용산구, 서울특별시, 04375, 대한민국"
320,2628,효창공원앞,6호선,37.539233,126.961384,"투림돈까스, 117,, 효창원로, 용문동, 용산구, 서울특별시, 04311, 대한민국"
321,2627,공덕,6호선,37.543555,126.951678,"(주)아워홈 에쓰오일마포점, 192,, 백범로, 43통, 공덕동, 마포구, 서울특별시, 04146, 대한민국"
322,2626,대흥(서강대앞),6호선,37.547771,126.942069,"메가엠지씨커피 대흥역점, 102,, 백범로, 2통, 대흥동, 마포구, 서울특별시, 04149, 대한민국"
323,2625,광흥창(서강),6호선,37.547456,126.931993,"독막로, 13통, 서강동, 마포구, 서울특별시, 04087, 대한민국"
324,2624,상수,6호선,37.547716,126.922852,"상수리, 86, 독막로, 24통, 서강동, 마포구, 서울특별시, 04074, 대한민국"
325,2623,합정,6호선,37.549209,126.913366,"29, 양화로, 합정동, 마포구, 서울특별시, 04071, 대한민국"
326,2622,망원,6호선,37.556094,126.910052,"맥도날드, 81, 월드컵로, 서교동, 마포구, 서울특별시, 04012, 대한민국"
327,2621,마포구청,6호선,37.563515,126.903343,"홍제천 자전거길, 연희동, 성산2동, 마포구, 서울특별시, 03712, 대한민국"
328,2620,월드컵경기장(성산),6호선,37.569532,126.899298,"증산로, 성산동, 성산2동, 마포구, 서울특별시, 03932, 대한민국"
329,2619,디지털미디어시티,6호선,37.576108,126.901391,"증산지하차도, 21통, 상암동, 마포구, 서울특별시, 03506, 대한민국"
330,2618,증산(명지대앞),6호선,37.583876,126.909645,"청록아파트, 299, 증산로, 증산동, 은평구, 서울특별시, 03497, 대한민국"
331,2617,새절(신사),6호선,37.591148,126.913629,"신현아파트, 389, 증산로, 신사동, 신사2동, 은평구, 서울특별시, 03442, 대한민국"
332,2616,구산,6호선,37.611377,126.91727,"더독동물병원, 140, 연서로, 대조동, 은평구, 서울특별시, 03388, 대한민국"
333,2615,연신내,6호선,37.618636,126.920625,"연서로, 대조동, 은평구, 서울특별시, 03350, 대한민국"
334,2614,독바위,6호선,37.618456,126.933031,"불광동, 불광1동, 은평구, 서울특별시, 03352, 대한민국"
335,2613,불광,6호선,37.610873,126.92939,"불광로, 대조동, 은평구, 서울특별시, 03397, 대한민국"
336,2612,역촌,6호선,37.606021,126.922744,"진흥로, 역촌동, 은평구, 서울특별시, 03461, 대한민국"
337,2611,응암,6호선,37.598605,126.915577,"hollys, 475, 증산로, 신사1동, 은평구, 서울특별시, 03449, 대한민국"
338,2566,하남시청(덕풍-신장),5호선,37.54205,127.20612,"하남대로, 덕풍동, 덕풍3동, 하남시, 12967, 대한민국"
339,2565,하남검단산,5호선,37.53972,127.22345,"하남검단산, 100, 대청로, 신장2동, 하남시, 12944, 대한민국"
340,2564,하남풍산,5호선,37.552034,127.203864,"GS25 S5하남풍산역점, 50, 덕풍서로, 덕풍3동, 하남시, 12932, 대한민국"
341,2563,미사,5호선,37.560927,127.193877,"오페라약국, 70, 미사강변동로, 미사1동, 하남시, 12912, 대한민국"
342,2562,강일,5호선,37.55749,127.17593,"강일, 산22-14, 고덕로, 강일동, 상일2동, 강동구, 서울특별시, 05216, 대한민국"
343,2561,마천,5호선,37.49499,127.152781,"14, 마천로57길, 마천1동, 송파구, 서울특별시, 05758, 대한민국"
344,2560,거여,5호선,37.493105,127.14415,"500, 오금로, 거여1동, 송파구, 서울특별시, 05772, 대한민국"
345,2559,개롱,5호선,37.498079,127.13482,"오금로, 오금동, 가락2동, 송파구, 서울특별시, 05742, 대한민국"
346,2558,오금,5호선,37.502057,127.127938,"자전거 전용, 가락동, 가락본동, 송파구, 서울특별시, 05824, 대한민국"
347,2557,방이,5호선,37.508857,127.126133,"양재대로, 방이1동, 송파구, 서울특별시, 05657, 대한민국"
348,2556,올림픽공원(한국체대),5호선,37.516201,127.130923,"올림픽프라자, 1222, 양재대로, 오륜동, 송파구, 서울특별시, 05649, 대한민국"
349,2555,둔촌동,5호선,37.527788,127.136248,"양재대로, 성내3동, 강동구, 서울특별시, 05376, 대한민국"
350,2554,상일동,5호선,37.556712,127.166417,"고덕로, 상일1동, 강동구, 서울특별시, 05224, 대한민국"
351,2553,고덕,5호선,37.555004,127.154151,"고덕로, 명일동, 명일2동, 강동구, 서울특별시, 05268, 대한민국"
352,2552,명일,5호선,37.55137,127.143999,"양재대로, 명일1동, 강동구, 서울특별시, 05257, 대한민국"
353,2551,굽은다리(강동구민회관앞),5호선,37.545477,127.142853,"1557, 양재대로, 천호1동, 강동구, 서울특별시, 05307, 대한민국"
354,2550,길동,5호선,37.537801,127.140004,"양재대로, 길동, 강동구, 서울특별시, 05350, 대한민국"
355,2549,강동,5호선,37.535804,127.132481,"천호대로, 성내2동, 강동구, 서울특별시, 05383, 대한민국"
356,2548,천호(풍납토성),5호선,37.53864,127.123308,"천호대로, 풍납1동, 송파구, 서울특별시, 05247, 대한민국"
357,2547,광나루(장신대),5호선,37.545303,127.10357,"광나루, 천호대로, 광장동, 광진구, 서울특별시, 04983, 대한민국"
358,2546,아차산(어린이대공원후문),5호선,37.551691,127.089761,"아차산, 천호대로, 구의동, 구의2동, 광진구, 서울특별시, 04992, 대한민국"
359,2545,군자(능동),5호선,37.557088,127.079577,"천호대로, 능동, 광진구, 서울특별시, 04929, 대한민국"
360,2544,장한평,5호선,37.56144,127.064623,"장한로, 용답동, 성동구, 서울특별시, 02633, 대한민국"
361,2543,답십리,5호선,37.566747,127.052704,"천호대로, 용답동, 성동구, 서울특별시, 02597, 대한민국"
362,2542,마장,5호선,37.5661,127.042973,"마장로, 마장동, 성동구, 서울특별시, 04748, 대한민국"
363,2541,왕십리(성동구청),5호선,37.56184,127.037059,"고산자로14길, 행당동, 행당1동, 성동구, 서울특별시, 04744, 대한민국"
364,2540,행당,5호선,37.557322,127.029476,"행당로, 행당동, 행당2동, 성동구, 서울특별시, 04714, 대한민국"
365,2539,신금호,5호선,37.554548,127.020331,"탐나종합어시장, 1, 행당로, 금호동1가, 금호1가동, 성동구, 서울특별시, 04721, 대한민국"
366,2538,청구,5호선,37.560276,127.013639,"왕놀부네포차, 296-20 (지상1층), 청구로, 17통, 신당동, 중구, 서울특별시, 04610, 대한민국"
367,2537,동대문역사문화공원,5호선,37.564665,127.005353,"몬돌이 김밥, 157-1, 1층 (광희동1가), 마른내로, 광희동1가, 중앙아시아거리, 중구, 서울특별시, 04558, 대한민국"
368,2536,을지로4가,5호선,37.567352,126.998032,"55-1, 창경궁로, 주교동, 을지로동, 중구, 서울특별시, 04545, 대한민국"
369,2535,종로3가,5호선,37.57254,126.990305,"노다지, 21,, 돈화문로11길, 묘동, 종로1·2·3·4가동, 종로구, 서울특별시, 03133, 대한민국"
370,2534,광화문(세종문화회관),5호선,37.571525,126.97717,"광화문, 172, 세종대로, 중학동, 종로1·2·3·4가동, 종로구, 서울특별시, 03141, 대한민국"
371,2533,서대문,5호선,37.565773,126.966641,"서대문, 통일로, 미근동, 충현동, 서대문구, 서울특별시, 03735, 대한민국"
372,2532,충정로(경기대입구),5호선,37.560236,126.9629,"벨프레시푸드(주) 소반, 8,, 충정로, 충정로3가, 충현동, 서대문구, 서울특별시, 03737, 대한민국"
373,2531,애오개,5호선,37.553736,126.95682,"나이스인프라(주), 217, 마포대로, 아현동, 마포구, 서울특별시, 04202, 대한민국"
374,2530,공덕,5호선,37.544431,126.951372,"공덕역, 마포대로, 43통, 아현동, 마포구, 서울특별시, 04146, 대한민국"
375,2529,마포,5호선,37.539574,126.945932,"(주)바닷가작은부엌마포역점, 38,, 마포대로, 18통, 도화동, 마포구, 서울특별시, 04168, 대한민국"
376,2528,여의나루,5호선,37.527098,126.932901,"여의동, 영등포구, 서울특별시, 07337, 대한민국"
377,2527,여의도,5호선,37.521747,126.924357,"수미산정, 42 (여의도동,여의도종합상가 411), 여의나루로, 여의동, 영등포구, 서울특별시, 07328, 대한민국"
378,2526,신길,5호선,37.517623,126.914839,"경인로112길, 영등포동2가, 영등포동, 영등포구, 서울특별시, 07248, 대한민국"
379,2525,영등포시장,5호선,37.522669,126.905139,"영등포시장, 영중로, 영등포동, 영등포구, 서울특별시, 07246, 대한민국"
380,2524,영등포구청,5호선,37.5242,126.89503,"양산로, 당산동2가, 당산1동, 영등포구, 서울특별시, 07264, 대한민국"
381,2523,양평,5호선,37.525569,126.886129,"양평, 양산로, 양평동2가, 양평1동, 영등포구, 서울특별시, 07270, 대한민국"
382,2522,오목교(목동운동장앞),5호선,37.524496,126.875181,"오목교, 오목로, 목1동, 양천구, 서울특별시, 08006, 대한민국"
383,2521,목동,5호선,37.526065,126.864931,"오목로, 목1동, 양천구, 서울특별시, 07993, 대한민국"
384,2520,신정(은행정),5호선,37.524997,126.856191,"오목로, 신정4동, 양천구, 서울특별시, 07783, 대한민국"
385,2519,까치산,5호선,37.531768,126.846683,"강서로, 화곡8동, 강서구, 서울특별시, 07757, 대한민국"
386,2518,화곡,5호선,37.541513,126.840461,"강서로, 화곡1동, 강서구, 서울특별시, 07702, 대한민국"
387,2517,우장산,5호선,37.548768,126.836318,"257, 강서로, 내발산동, 발산1동, 강서구, 서울특별시, 07639, 대한민국"
388,2516,발산,5호선,37.558598,126.837668,"272, 공항대로, 마곡지구도시개발지구, 가양1동, 강서구, 서울특별시, 07632, 대한민국"
389,2515,마곡,5호선,37.560183,126.825448,"마곡역 2번 출입구, 공항대로, 공항동, 강서구, 서울특별시, 07800, 대한민국"
390,2514,송정,5호선,37.561184,126.811973,"공항대로, 공항동, 강서구, 서울특별시, 07622, 대한민국"
391,2513,김포공항,5호선,37.562384,126.801292,"하늘길, 방화2동, 강서구, 서울특별시, 07612, 대한민국"
392,2512,개화산,5호선,37.572399,126.806171,"개화산역 2번 출구, 양천로, 방화2동, 강서구, 서울특별시, 07602, 대한민국"
393,2511,방화,5호선,37.577446,126.812741,"금낭화로, 방화동, 방화3동, 강서구, 서울특별시, 07511, 대한민국"
394,1982,부천종합운동장,서해선,37.505457,126.797289,"부천종합운동장, 길주로, 춘의동, 원미구, 부천시, 경기도, 14485, 대한민국"
395,1981,원종,서해선,37.5239,126.8049,"원종, 소사로, 원종동, 부천시, 경기도, 14431, 대한민국"
396,1980,김포공항,서해선,37.5617,126.8041,"김포공항, 하늘길, 방화2동, 강서구, 서울특별시, 07622, 대한민국"
397,1958,대화,일산선,37.676087,126.747569,"대화프라자, 1567, 중앙로, 대화동, 일산서구, 고양시, 경기도, 10381, 대한민국"
398,1957,주엽,일산선,37.670072,126.761334,"주엽역삼부르네상스오피스텔, 1425, 중앙로, 주엽동, 주엽1동, 일산서구, 고양시, 10386, 대한민국"
399,1956,정발산,일산선,37.659477,126.773359,"중앙로, 장항2동, 일산동구, 고양시, 10409, 대한민국"
400,1955,마두,일산선,37.652206,126.77762,"교보생명빌딩, 1181, 중앙로, 장항2동, 일산동구, 고양시, 10414, 대한민국"
401,1954,백석,일산선,37.643114,126.78787,"일산로, 백석동, 백석2동, 일산동구, 고양시, 10447, 대한민국"
402,1953,대곡,일산선,37.631626,126.811024,"71-81, 대주로107번길, 대장동, 능곡동, 덕양구, 고양시, 10506, 대한민국"
403,1952,화정,일산선,37.634592,126.83265,"화정, 화정로, 화정동, 화정2동, 덕양구, 고양시, 10497, 대한민국"
404,1951,원당,일산선,37.653324,126.843041,"1429, 고양대로, 성사2동, 덕양구, 고양시, 경기도, 10465, 대한민국"
405,1950,삼송,일산선,37.653083,126.895558,"삼송, 동송로, 삼송동, 삼송1동, 덕양구, 고양시, 10590, 대한민국"
406,1949,지축,일산선,37.648017,126.91397,"지효로, 효자동, 덕양구, 고양시, 10585, 대한민국"
407,1948,원흥,일산선,37.650658,126.872642,"원흥1로, 삼송2동, 덕양구, 고양시, 10560, 대한민국"
408,1919,연천,경원선,38.10073,127.07372,"연천, 275, 연천로, 연천읍, 연천군, 경기도, 11012, 대한민국"
409,1918,전곡,경원선,38.02458,127.0718,"전곡, 전곡역로93번길, 전곡리, 전곡읍, 연천군, 11031, 대한민국"
410,1917,초성리,경원선,37.98172,127.06912,"청신로, 초성리, 청산면, 연천군, 11023, 대한민국"
411,1916,소요산,경원선,37.9481,127.061034,"소요산, 봉동로6번길, 상봉암동, 동두천시, 11307, 대한민국"
412,1915,동두천,경원선,37.927878,127.05479,"2687, 평화로, 동두천동, 동두천시, 11307, 대한민국"
413,1914,보산,경원선,37.913702,127.057277,"보산역, 2539, 평화로, 보산동, 동두천시, 11311, 대한민국"
414,1913,동두천중앙,경원선,37.901885,127.056482,"3, 큰시장로, 생연동, 동두천시, 11334, 대한민국"
415,1912,지행,경원선,37.892334,127.055716,"2285, 평화로, 지행동, 동두천시, 11350, 대한민국"
416,1911,덕정,경원선,37.843188,127.061277,"1356, 화합로, 덕정동, 양주시, 11450, 대한민국"
417,1910,덕계,경원선,37.818486,127.056486,"317, 덕계로4길, 회천신도시, 회천2동, 양주시, 경기도, 11444, 대한민국"
418,1909,양주,경원선,37.774381,127.044708,"주내역, 919, 평화로, 남방동, 양주시, 11496, 대한민국"
419,1908,녹양,경원선,37.75938,127.042292,"757, 평화로, 녹양동, 의정부시, 경기도, 11684, 대한민국"
420,1907,가능,경원선,37.748577,127.044213,"가능역, 633, 평화로, 의정부시, 경기도, 11678, 대한민국"
421,1906,의정부,경원선,37.738415,127.045958,"의정부역, 525, 평화로, 의정부동, 의정부시, 경기도, 11696, 대한민국"
422,1905,회룡,경원선,37.724416,127.04736,"회룡, 363, 평화로, 호원1동, 호원2동, 경기도, 11637, 대한민국"
423,1904,망월사,경원선,37.709914,127.047455,"221, 평화로, 호원동, 호원1동, 의정부시, 경기도, 11709, 대한민국"
424,1903,도봉산,경원선,37.689534,127.046049,"2, 도봉로, 도봉2동, 도봉구, 서울특별시, 01318, 대한민국"
425,1902,도봉,경원선,37.679563,127.045595,"1, 도봉로, 도봉동, 도봉1동, 도봉구, 서울특별시, 01321, 대한민국"
426,1901,방학,경원선,37.667503,127.044273,"1, 도봉로, 방학1동, 도봉구, 서울특별시, 01332, 대한민국"
427,1891,인천,수인선,37.476403,126.617326,"제물량로, 북성동2가, 북성동, 중구, 인천광역시, 22312, 대한민국"
428,1890,신포,수인선,37.46874,126.623853,"인천세관역사관, 191-9, 인중로, 사동, 신포동, 중구, 인천광역시, 22325, 대한민국"
429,1889,숭의,수인선,37.460789,126.638297,"숭의, 아암대로, 숭의1·3동, 미추홀구, 인천광역시, 22175, 대한민국"
430,1888,인하대,수인선,37.448493,126.649619,"독배로317번길, 용현5동, 미추홀구, 인천광역시, 22188, 대한민국"
431,1886,송도,수인선,37.428514,126.657772,"비류대로, 청학동, 옥련2동, 연수구, 인천광역시, 21954, 대한민국"
432,1885,연수,수인선,37.417804,126.67894,"연수, 115, 벚꽃로, 대동아파트, 연수2동, 연수구, 인천광역시, 21917, 대한민국"
433,1884,원인재,수인선,37.413049,126.686648,"2, 벚꽃로, 연수2동, 연수구, 인천광역시, 21931, 대한민국"
434,1883,남동인더스파크,수인선,37.407722,126.695216,"2, 은청로, 남동국가산업단지, 논현고잔동, 남동구, 인천광역시, 21640, 대한민국"
435,1882,호구포,수인선,37.401637,126.708627,"호구포, 205, 호구포로, 논현2동, 남동구, 인천광역시, 21640, 대한민국"
436,1881,인천논현,수인선,37.400614,126.722478,"2, 청능대로, 논현2동, 남동구, 인천광역시, 21654, 대한민국"
437,1880,소래포구,수인선,37.40095,126.733522,"소래포구, 51, 소래역로, 논현동, 논현1동, 남동구, 인천광역시, 21673, 대한민국"
438,1879,월곶,수인선,37.391769,126.742699,"2, 월곶중앙로14번길, 월곶동, 시흥시, 14968, 대한민국"
439,1878,달월,수인선,37.379681,126.745177,"1, 달월길, 월곶동, 시흥시, 15005, 대한민국"
440,1877,사리,수인선,37.28998,126.85685,"사리, 충장로, 이동, 상록구, 안산시, 15564, 대한민국"
441,1876,야목,수인선,37.264179,126.879483,"본오매송로, 야목리, 화성시, 18286, 대한민국"
442,1875,어천,수인선,37.250102,126.90879,"어천, 어천역길, 어천리, 화성시, 18287, 대한민국"
443,1874,오목천,수인선,37.24304,126.963676,"철길산책로, 오목천동, 권선구, 수원시, 16641, 대한민국"
444,1873,고색,수인선,37.24963,126.980248,"철길산책로, 고색동, 권선구, 수원시, 경기도, 16650, 대한민국"
445,1872,매교,분당선,37.265481,127.015678,"633, 정조로, 매교동, 팔달구, 수원시, 16577, 대한민국"
446,1871,수원시청,분당선,37.261911,127.030736,"효원로, 권선구, 수원시, 16490, 대한민국"
447,1870,매탄권선,분당선,37.252759,127.040566,"603, 권선로, 신동, 영통구, 수원시, 16546, 대한민국"
448,1869,망포,분당선,37.245795,127.057353,"덕영대로, 영통구, 수원시, 경기도, 16698, 대한민국"
449,1868,영통,분당선,37.251568,127.071394,"홈플러스, 1576, 봉영로, 영통동, 영통구, 수원시, 16701, 대한민국"
450,1867,청명,분당선,37.259489,127.078934,"봉영로, 영통동, 영통구, 수원시, 16712, 대한민국"
451,1866,상갈,분당선,37.26181,127.108847,"금화로, 금화마을3단지 주공그린빌, 기흥구, 용인시, 경기도, 17072, 대한민국"
452,1865,기흥,분당선,37.275061,127.11591,"구갈동, 기흥구, 용인시, 17065, 대한민국"
453,1864,신갈,분당선,37.286102,127.111313,"신갈, 기흥로, 구갈동, 기흥구, 용인시, 16975, 대한민국"
454,1863,구성,분당선,37.298969,127.105664,"구성, 용구대로2325번길, 기흥구, 용인시, 16921, 대한민국"
455,1862,죽전,분당선,37.324753,127.107395,"죽전, 죽전지하차도, 죽전동, 신봉동, 수지구, 용인시, 16896, 대한민국"
456,1861,보정,분당선,37.312752,127.108196,"용구대로, 보정동, 기흥구, 용인시, 16903, 대한민국"
457,1860,이매,분당선,37.395371,127.128248,"성남대로, 이매동, 분당구, 성남시, 경기도, 13567, 대한민국"
458,1859,오리,분당선,37.339824,127.108942,"50, 성남대로, 분당구, 성남시, 경기도, 13637, 대한민국"
459,1858,미금,분당선,37.350077,127.10891,"미금역 사거리, 성남대로, 분당구, 성남시, 경기도, 13632, 대한민국"
460,1857,정자,분당선,37.365994,127.10807,"성남대로, 분당, 분당구, 성남시, 경기도, 13558, 대한민국"
461,1856,수내,분당선,37.378455,127.114322,"롯데백화점 분당점, 45, 황새울로200번길, 수내동, 분당, 분당구, 성남시, 경기도, 13595, 대한민국"
462,1855,서현,분당선,37.385126,127.123592,"서현, 서현고가차도, 서현동, 분당, 분당구, 성남시, 경기도, 13591, 대한민국"
463,1854,야탑,분당선,37.411185,127.128715,"성남대로, 분당구, 성남시, 경기도, 13506, 대한민국"
464,1853,모란,분당선,37.432052,127.129104,"88빌딩, 1149, 성남대로, 성남동, 중원구, 성남시, 경기도, 13376, 대한민국"
465,1852,태평,분당선,37.440019,127.127709,"태평역, 1229, 성남대로, 수진동, 수정구, 성남시, 경기도, 13313, 대한민국"
466,1851,가천대,분당선,37.448605,127.126697,"1331, 성남대로, 수진동, 수정구, 성남시, 경기도, 13109, 대한민국"
467,1850,선정릉,분당선,37.510735,127.043677,"한솥도시락 선정릉역점, 603, 선릉로, 논현2동, 강남구, 서울특별시, 06092, 대한민국"
468,1849,강남구청,분당선,37.517469,127.041151,"청담밴처프라자, 704, 선릉로, 청담동, 강남구, 서울특별시, 06059, 대한민국"
469,1848,압구정로데오,분당선,37.527381,127.040534,"846, 선릉로, 청담동, 강남구, 서울특별시, 06019, 대한민국"
470,1847,서울숲,분당선,37.543617,127.044707,"서울숲, 왕십리로, 성수동1가, 성수1가1동, 성동구, 서울특별시, 04769, 대한민국"
471,1846,수원,분당선,37.265917,126.999422,"9, 덕영대로, 매산로1가, 팔달구, 수원시, 16622, 대한민국"
472,1823,도화,경인선,37.46607,126.668672,"3, 숙골로38번길, 도화동, 도화2·3동, 미추홀구, 인천광역시, 22136, 대한민국"
473,1822,중동,경인선,37.486562,126.764843,"3, 중동로71번길, 송내동, 소사구, 부천시, 14723, 대한민국"
474,1821,온수(성공회대입구),경인선,37.492433,126.824086,"4, 부일로, 온수동, 수궁동, 구로구, 서울특별시, 08259, 대한민국"
475,1817,도원,경인선,37.468446,126.642706,"4, 샛골로, 금곡동, 금창동, 동구, 인천광역시, 22564, 대한민국"
476,1816,간석,경인선,37.464737,126.694181,"3, 주안로213번길, 주안6동, 미추홀구, 인천광역시, 22143, 대한민국"
477,1815,부개,경인선,37.488418,126.74109,"3, 수변로19번길, 부개동, 부평구, 인천광역시, 21402, 대한민국"
478,1814,소사,경인선,37.482753,126.79544,"3, 소사로, 소사동, 소사구, 부천시, 경기도, 14647, 대한민국"
479,1813,구일,경인선,37.496756,126.870793,"서부간선지하도로, 신도림동, 구로2동, 구로구, 서울특별시, 경기도, 14225, 대한민국"
480,1812,인천,경인선,37.476079,126.616801,"2, 인중로, 북성동1가, 북성동, 중구, 인천광역시, 22506, 대한민국"
481,1811,동인천,경인선,37.475276,126.632802,"3, 화도진로35번길, 송현동, 동구, 인천광역시, 22549, 대한민국"
482,1810,제물포,경인선,37.466769,126.656666,"3, 숙골로43번길, 도화동, 도화2·3동, 미추홀구, 인천광역시, 22102, 대한민국"
483,1809,주안,경인선,37.465047,126.679742,"3, 주안로, 주안동, 주안1동, 미추홀구, 인천광역시, 22136, 대한민국"
484,1808,동암,경인선,37.471408,126.702896,"3, 예술로, 십정동, 부평구, 인천광역시, 21445, 대한민국"
485,1807,백운,경인선,37.483664,126.707704,"2, 이규보로, 부평동, 십정동, 부평구, 인천광역시, 21405, 대한민국"
486,1806,부평,경인선,37.489445,126.724506,"3, 동수북로, 부평동, 부평구, 인천광역시, 21404, 대한민국"
487,1805,송내,경인선,37.4876,126.753664,"3, 송내대로, 소사구, 부천시, 경기도, 14598, 대한민국"
488,1804,부천,경인선,37.48405,126.782686,"이마트, 부천로2번길, 심곡본동, 소사구, 부천시, 14644, 대한민국"
489,1803,역곡,경인선,37.485178,126.811502,"2, 역곡로2번길, 역곡동, 원미구, 부천시, 경기도, 14673, 대한민국"
490,1802,오류동,경인선,37.494526,126.845365,"3, 서해안로, 오류동, 오류2동, 구로구, 서울특별시, 08270, 대한민국"
491,1801,개봉,경인선,37.494594,126.85968,"1, 남부순환로97길, 개봉동, 개봉2동, 구로구, 서울특별시, 08277, 대한민국"
492,1763,수리산,안산선,37.349801,126.925365,"수리산, 번영로, 오금동, 산본동, 15869, 대한민국"
493,1762,오이도,안산선,37.362357,126.738714,"3, 역전로, 정왕본동, 시흥시, 15018, 대한민국"
494,1761,정왕,안산선,37.351735,126.742989,"2, 오동마을로6번길, 정왕본동, 시흥시, 15049, 대한민국"
495,1760,신길온천,안산선,37.338212,126.765844,"신길온천, 2, 황고개로, 신길동, 단원구, 안산시, 15398, 대한민국"
496,1759,안산,안산선,37.327082,126.788532,"4, 중앙대로, 원곡동, 단원구, 안산시, 15431, 대한민국"
497,1758,초지,안산선,37.320646,126.805913,"2, 중앙대로, 단원구, 안산시, 15389, 대한민국"
498,1757,고잔,안산선,37.316784,126.823144,"고잔, 중앙대로, 고잔동, 단원구, 안산시, 15357, 대한민국"
499,1756,중앙,안산선,37.315941,126.838573,"중앙, 중앙대로, 고잔동, 단원구, 안산시, 15361, 대한민국"
500,1755,한대앞,안산선,37.309689,126.85344,"한대앞, 충장로, 이동, 상록구, 안산시, 15564, 대한민국"
501,1754,상록수,안산선,37.302795,126.866489,"3, 석삼말로, 일동, 상록구, 안산시, 15516, 대한민국"
502,1753,반월,안산선,37.312212,126.903524,"1, 건건8길, 건건동, 삼천리, 상록구, 안산시, 15521, 대한민국"
503,1752,대야미,안산선,37.328467,126.917332,"2, 호수로, 대야미동, 대야동, 군포시, 15887, 대한민국"
504,1751,산본,안산선,37.358101,126.933274,"2, 번영로, 광정동, 산본동, 경기도, 15862, 대한민국"
505,1750,광명,경부선,37.416182,126.884466,"21, 광명역로, 일직동, 광명시, 14347, 대한민국"
506,1749,서동탄,경부선,37.195504,127.051672,"외삼미로15번길, 외삼미동, 오산시, 경기도, 18428, 대한민국"
507,1729,당정,경부선,37.344285,126.948345,"2, 당정역로, 군포2동, 군포시, 경기도, 15851, 대한민국"
508,1728,천안,경부선,36.810005,127.146826,"4, 대흥로, 대흥동, 동남구, 천안시, 충청남도, 31144, 대한민국"
509,1727,두정,경부선,36.833705,127.14896,"두정, 289, 두정로, 두정동, 서북구, 천안시, 충청남도, 31104, 대한민국"
510,1726,직산,경부선,36.870593,127.143904,"3, 천안대로, 직산읍, 서북구, 천안시, 충청남도, 31050, 대한민국"
511,1725,성환,경부선,36.916076,127.126964,"3, 성환21길, 성환읍, 서북구, 천안시, 충청남도, 31014, 대한민국"
512,1724,평택,경부선,36.990726,127.085159,"7, 원평로, 평택동, 평택시, 경기도, 17919, 대한민국"
513,1723,지제,경부선,37.0188,127.070444,"평택지제, 경기대로, 지제동, 평택시, 경기도, 17840, 대한민국"
514,1722,서정리,경부선,37.056496,127.052819,"5, 반성마을길, 송탄, 고덕동, 평택시, 경기도, 17783, 대한민국"
515,1721,송탄,경부선,37.075696,127.054301,"1, 송탄1로, 서정동, 송탄, 평택시, 경기도, 17760, 대한민국"
516,1720,진위,경부선,37.109447,127.062278,"1, 경기대로, 하북리, 평택시, 17707, 대한민국"
517,1719,오산,경부선,37.145885,127.06672,"6, 역광장로, 오산동, 오산시, 18137, 대한민국"
518,1718,오산대,경부선,37.168953,127.063197,"1, 경기대로, 수청동, 오산시, 경기도, 18114, 대한민국"
519,1717,세마,경부선,37.187533,127.04318,"2, 독산성로, 세교동, 오산시, 경기도, 18105, 대한민국"
520,1716,병점,경부선,37.207503,127.032731,"병점, 태안로, 병점동, 화성시, 경기도, 18391, 대한민국"
521,1715,세류,경부선,37.245025,127.013222,"세류, 정조로, 세류동, 권선구, 수원시, 경기도, 16659, 대한민국"
522,1714,독산,경부선,37.466613,126.889249,"2, 벚꽃로, 독산1동, 금천구, 서울특별시, 08587, 대한민국"
523,1713,수원,경부선,37.266348,126.999561,"6, 매산로, 매산로1가, 팔달구, 수원시, 경기도, 16622, 대한민국"
524,1712,화서,경부선,37.283862,126.989627,"화서, 덕영대로, 화서동, 팔달구, 수원시, 16432, 대한민국"
525,1711,성균관대,경부선,37.300349,126.97075,"2, 율전고가교, 율전동, 장안구, 수원시, 경기도, 16360, 대한민국"
526,1710,의왕,경부선,37.320852,126.948217,"66, 철도박물관로, 삼동, 부곡동, 의왕시, 16081, 대한민국"
527,1709,군포,경부선,37.35356,126.948462,"군포, 27, 군포역1길, 군포1동, 군포시, 경기도, 15855, 대한민국"
528,1708,금정,경부선,37.372221,126.943429,"금정, 750, 군포로, 금정동, 군포시, 경기도, 15811, 대한민국"
529,1707,명학,경부선,37.384653,126.935433,"2, 만안로, 안양동, 만안구, 안양시, 경기도, 14033, 대한민국"
530,1706,안양,경부선,37.401592,126.922874,"232, 만안로, 안양동, 만안구, 안양시, 경기도, 13992, 대한민국"
531,1705,관악,경부선,37.419232,126.908706,"1, 안양로548번길, 석수동, 만안구, 안양시, 13960, 대한민국"
532,1704,석수,경부선,37.435047,126.902295,"2, 연현로, 만안구, 안양시, 경기도, 08641, 대한민국"
533,1703,금천구청,경부선,37.455626,126.89398,"금천구청, 서해안고속도로, 시흥1동, 금천구, 서울특별시, 경기도, 14324, 대한민국"
534,1702,가산디지털단지,경부선,37.481581,126.882581,"가산디지털단지, 309, 벚꽃로, 가산동, 금천구, 서울특별시, 08321, 대한민국"
535,1701,구로,경부선,37.503039,126.881966,"174, 구로중앙로, 구로2동, 구로구, 서울특별시, 08213, 대한민국"
536,1512,성남,경강선,37.39468,127.11945,"성남, 분당수서로, 판교, 분당구, 성남시, 경기도, 13565, 대한민국"
537,1511,여주,경강선,37.282308,127.628816,"여주역, 교동, 여주시, 12644, 대한민국"
538,1510,세종대왕릉,경강선,37.295309,127.570938,"세종대왕면, 여주시, 12641, 대한민국"
539,1509,부발,경강선,37.260192,127.490277,"부발, 신아로, 아미리, 이천시, 17327, 대한민국"
540,1508,이천,경강선,37.265579,127.44226,"증일동, 이천시, 17391, 대한민국"
541,1507,신둔도예촌,경강선,37.317185,127.40476,"원적로, 남정리, 이천시, 17303, 대한민국"
542,1506,곤지암,경강선,37.351315,127.34674,"곤지암역2번출구, 대석동길, 곤지암읍, 광주시, 경기도, 12801, 대한민국"
543,1505,초월,경강선,37.374419,127.299,"경충대로, 초월읍, 광주시, 12735, 대한민국"
544,1504,경기광주,경강선,37.399907,127.25263,"경기광주역 공영주차장, 10, 역동로, 역동, 경안동, 광주시, 12777, 대한민국"
545,1503,삼동,경강선,37.409522,127.20336,"순암로, 중대동, 광남1동, 광주시, 12767, 대한민국"
546,1502,이매,경강선,37.394655,127.127819,"이매로, 이매동, 판교, 분당구, 성남시, 경기도, 13567, 대한민국"
547,1501,판교,경강선,37.394761,127.111217,"판교, 판교역로146번길, 백현동, 판교, 분당구, 성남시, 경기도, 13529, 대한민국"
548,1458,금정,과천선,37.372209,126.943417,"금정, 750, 군포로, 금정동, 군포시, 경기도, 15811, 대한민국"
549,1457,범계,과천선,37.389793,126.950806,"범계역광장, 범계동, 동안구, 안양시, 경기도, 14073, 대한민국"
550,1456,평촌,과천선,37.394287,126.963883,"54, 관평로182번길, 부림동, 동안구, 안양시, 경기도, 14066, 대한민국"
551,1455,인덕원,과천선,37.401553,126.976715,"흥안대로, 관양2동, 동안구, 안양시, 경기도, 13951, 대한민국"
552,1454,정부과천청사,과천선,37.426513,126.98978,"정부과천청사, 100, 중앙로, 원문동, 과천지식정보타운, 과천시, 경기도, 13807, 대한민국"
553,1453,과천,과천선,37.433021,126.996568,"중앙공원, 별양동, 과천시, 경기도, 13803, 대한민국"
554,1452,대공원,과천선,37.435675,127.006523,"대공원광장로, 부림동, 과천시, 경기도, 13829, 대한민국"
555,1451,경마공원,과천선,37.443885,127.007888,"경마공원, 경마공원대로, 과천동, 과천시, 13823, 대한민국"
556,1450,선바위,과천선,37.451673,127.002303,"경마공원대로, 과천동, 과천시, 13815, 대한민국"
557,1408,신창(순천향대),장항선,36.769502,126.951108,"2, 행목로, 행목리, 아산시, 충청남도, 31533, 대한민국"
558,1407,온양온천,장항선,36.780483,127.003249,"3, 온양온천역광장, 온천동, 아산시, 충청남도, 31513, 대한민국"
559,1405,배방,장항선,36.777629,127.052991,"3, 한내로, 구령리, 아산시, 충청남도, 31480, 대한민국"
560,1404,탕정,장항선,36.78866,127.08485,"곡교천로, 매곡리, 아산시, 충청남도, 31466, 대한민국"
561,1403,아산,장항선,36.792053,127.104361,"3, 아산역로, 장재리, 아산시, 충청남도, 31470, 대한민국"
562,1402,쌍용(나사렛대),장항선,36.793759,127.1214,"2, 쌍용19로, 쌍용동, 쌍용2동, 서북구, 천안시, 충청남도, 31174, 대한민국"
563,1401,봉명,장항선,36.801215,127.135763,"2, 순천향3길, 봉명동, 쌍용동, 동남구, 천안시, 충청남도, 31151, 대한민국"
564,1329,춘천,경춘선,37.885054,127.717023,"3, 공지로, 근화동, 춘천시, 강원특별자치도, 24244, 대한민국"
565,1328,남춘천,경춘선,37.864007,127.723792,"2, 우묵길, 온의동, 춘천시, 강원특별자치도, 24368, 대한민국"
566,1327,김유정,경춘선,37.818466,127.71434,"4, 김유정로, 증리, 춘천시, 강원특별자치도, 24412, 대한민국"
567,1326,강촌,경춘선,37.805723,127.634146,"강촌, 강촌구곡길, 강촌리, 춘천시, 강원특별자치도, 24465, 대한민국"
568,1325,백양리,경춘선,37.830779,127.58933,"2, 북한강변길, 춘천시, 강원특별자치도, 24464, 대한민국"
569,1324,굴봉산,경춘선,37.832067,127.557695,"1, 서백길, 서천리, 춘천시, 강원특별자치도, 24464, 대한민국"
570,1323,가평,경춘선,37.814536,127.510739,"3, Munhwa-ro, 가평읍, 가평군, 경기도, 12423, 대한민국"
571,1322,상천,경춘선,37.770246,127.454821,"2, 상지로64번길, 상천리, 가평군, 경기도, 12449, 대한민국"
572,1321,청평,경춘선,37.735488,127.42661,"3, 청평역로, 청평리, 가평군, 12453, 대한민국"
573,1320,대성리,경춘선,37.684071,127.379319,"1, 경춘로, 대성리, 가평군, 12457, 대한민국"
574,1319,마석,경춘선,37.652782,127.311767,"2, 경춘선 자전거길, 화도읍, 남양주시, 12175, 대한민국"
575,1318,천마산,경춘선,37.658978,127.285379,"37, 경춘선 자전거길, 화도읍, 남양주시, 12168, 대한민국"
576,1317,평내호평,경춘선,37.653225,127.244493,"평내호평, 경춘선 자전거길, 평내동, 남양주시, 12151, 대한민국"
577,1316,금곡,경춘선,37.637382,127.207853,"1, 경춘선 자전거길, 금곡동, 진건읍, 남양주시, 12238, 대한민국"
578,1315,사릉,경춘선,37.65108,127.176933,"2, 경춘선 자전거길, 진건읍, 남양주시, 12140, 대한민국"
579,1314,퇴계원,경춘선,37.648311,127.143952,"4, 퇴계원로6번길, 퇴계원읍, 남양주시, 12126, 대한민국"
580,1313,별내,경춘선,37.64202,127.12684,"별내, 불암천 자전거길, 별내동, 퇴계원리, 남양주시, 11900, 대한민국"
581,1312,갈매,경춘선,37.634118,127.114757,"229, 경춘북로, 갈매동, 신내1동, 중랑구, 구리시, 경기도, 11902, 대한민국"
582,1311,신내,경춘선,37.612887,127.103218,"1, 용마산로136길, 망우본동, 중랑구, 서울특별시, 02055, 대한민국"
583,1294,디지털미디어시티,경의중앙선,37.577475,126.900453,"2, 수색로, 증산동, 은평구, 서울특별시, 03505, 대한민국"
584,1293,홍대입구,경의중앙선,37.557641,126.926683,"홀리데이인 익스프레스 서울홍대, 190-1, 양화로, 동교동, 서교동, 마포구, 서울특별시, 04051, 대한민국"
585,1292,공덕,경의중앙선,37.542596,126.952099,"아비꼬공덕역점, 92, 마포대로, 43통, 공덕동, 마포구, 서울특별시, 04146, 대한민국"
586,1291,서울역,경의중앙선,37.557231,126.97103,"서울역, 1, 통일로, 봉래동2가, 회현동, 중구, 서울특별시, 04509, 대한민국"
587,1286,운천,경의중앙선,37.879942,126.769999,"통일로, 문산읍, 파주시, 10808, 대한민국"
588,1285,임진강,경의중앙선,37.888421,126.746765,"임진강역 1번출구, 임진각로, 문산읍, 파주시, 경기도, 10808, 대한민국"
589,1284,문산,경의중앙선,37.854619,126.788047,"2, 통일로, 문산읍, 파주시, 10824, 대한민국"
590,1283,파주,경의중앙선,37.815298,126.792783,"파주역, 38, 주라위길, 파주읍, 파주시, 10838, 대한민국"
591,1282,월롱,경의중앙선,37.796188,126.792587,"2, 통일로, 위전리, 월롱면, 파주시, 10946, 대한민국"
592,1280,금촌,경의중앙선,37.766217,126.774644,"2, 새꽃로, 아동동, 금촌1동, 파주시, 10930, 대한민국"
593,1279,금릉,경의중앙선,37.751322,126.765347,"3, 금릉역로, 금촌2동, 파주시, 10915, 대한민국"
594,1278,운정,경의중앙선,37.725826,126.767257,"3, 운정역길, 운정3동, 파주시, 10910, 대한민국"
595,1277,야당,경의중앙선,37.712327,126.761356,"1, 송학1길, 야당동, 운정3동, 파주시, 10909, 대한민국"
596,1276,탄현,경의중앙선,37.694023,126.761086,"1, 일현로, 탄현1동, 일산서구, 고양시, 10242, 대한민국"
597,1275,일산,경의중앙선,37.682077,126.769846,"4, 경의로, 대화동, 일산3동, 일산서구, 고양시, 10373, 대한민국"
598,1274,풍산,경의중앙선,37.672346,126.786243,"풍산, 무궁화로, 풍산동, 일산동구, 고양시, 10311, 대한민국"
599,1273,백마,경의중앙선,37.658239,126.794461,"3, 고풍로43번길, 풍동, 풍산동, 일산동구, 고양시, 10309, 대한민국"
600,1272,곡산,경의중앙선,37.645676,126.801762,"곡산역, 160, 경의로, 백석1동, 일산동구, 고양시, 10442, 대한민국"
601,1271,능곡,경의중앙선,37.618808,126.820783,"3, 토당로, 능곡동, 덕양구, 고양시, 경기도, 10510, 대한민국"
602,1270,행신,경의중앙선,37.612102,126.834146,"3, 소원로, 행신2동, 덕양구, 고양시, 10523, 대한민국"
603,1269,강매,경의중앙선,37.612314,126.843223,"3, 강매동, 행신2동, 덕양구, 고양시, 경기도, 10531, 대한민국"
604,1268,화전,경의중앙선,37.602888,126.868387,"2, 화전지하차도, 화전동, 대덕동, 덕양구, 고양시, 10540, 대한민국"
605,1267,수색,경의중앙선,37.580842,126.895611,"2, 수색로, 수색동, 은평구, 서울특별시, 03504, 대한민국"
606,1266,디지털미디어시티,경의중앙선,37.577475,126.900453,"2, 수색로, 증산동, 은평구, 서울특별시, 03505, 대한민국"
607,1265,가좌,경의중앙선,37.568491,126.915487,"1, 수색로, 남가좌1동, 서대문구, 서울특별시, 03712, 대한민국"
608,1264,홍대입구,경의중앙선,37.557641,126.926683,"홀리데이인 익스프레스 서울홍대, 190-1, 양화로, 동교동, 서교동, 마포구, 서울특별시, 04051, 대한민국"
609,1263,서강대,경의중앙선,37.551881,126.935711,"서강대, 서강로16길, 21통, 대흥동, 마포구, 서울특별시, 04101, 대한민국"
610,1262,공덕,경의중앙선,37.542596,126.952099,"아비꼬공덕역점, 92, 마포대로, 43통, 공덕동, 마포구, 서울특별시, 04146, 대한민국"
611,1261,효창공원앞,경의중앙선,37.538579,126.96221,"치즈프로토타입(cheese prototype), 41,, 원효로71길, 용문동, 용산구, 서울특별시, 04363, 대한민국"
612,1252,신촌,경의중앙선,37.559733,126.942597,"2, 이화여대길, 대현동, 신촌동, 서대문구, 서울특별시, 03766, 대한민국"
613,1251,서울역,경의중앙선,37.557231,126.97103,"서울역, 1, 통일로, 봉래동2가, 회현동, 중구, 서울특별시, 04509, 대한민국"
614,1220,지평,중앙선,37.476393,127.629874,"2, 지평의병로, 지평리, 양평군, 12541, 대한민국"
615,1219,용문,중앙선,37.48223,127.594647,"용문, 용문시장7길, 다문리, 양평군, 12523, 대한민국"
616,1218,원덕,중앙선,37.468672,127.547076,"3, 원덕흑천길, 원덕리, 양평군, 경기도, 12566, 대한민국"
617,1217,양평,중앙선,37.492773,127.491837,"6, 역전길, 양평읍, 양평군, 12556, 대한민국"
618,1216,오빈,중앙선,37.506062,127.473868,"2, 남한강 자전거길, 오빈리, 양평군, 경기도, 12546, 대한민국"
619,1215,아신,중앙선,37.51382,127.443173,"4, 아신역길, 옥천면, 양평군, 경기도, 12508, 대한민국"
620,1214,국수,중앙선,37.516169,127.399367,"3, 국수길, 국수리, 양평군, 경기도, 12580, 대한민국"
621,1213,신원,중앙선,37.525545,127.372921,"4, 남한강 자전거길, 양서면, 양평군, 12583, 대한민국"
622,1212,양수,중앙선,37.545981,127.329098,"3, 남한강 자전거길, 용담리, 양평군, 12579, 대한민국"
623,1211,운길산,중앙선,37.554669,127.310115,"4, 운길산로, 조안면, 남양주시, 12281, 대한민국"
624,1210,팔당,중앙선,37.547371,127.243939,"팔당, 팔당로, 와부읍, 남양주시, 13023, 대한민국"
625,1209,도심,중앙선,37.579622,127.222672,"도심, 덕소로, 와부읍, 남양주시, 12212, 대한민국"
626,1208,덕소,중앙선,37.586781,127.208832,"4, 덕소로116번길, 와부읍, 남양주시, 12214, 대한민국"
627,1207,양정,중앙선,37.60533,127.19364,"양정로, 이패동, 양정동, 남양주시, 12214, 대한민국"
628,1206,도농,중앙선,37.608806,127.161153,"도농, 경춘로, 지금동, 다산2동, 남양주시, 12258, 대한민국"
629,1205,구리,중앙선,37.603392,127.143869,"32-29, 건원대로34번길, 구리시, 11921, 대한민국"
630,1204,양원,중앙선,37.606596,127.107906,"양원, 양원역로10길, 망우동, 망우본동, 중랑구, 서울특별시, 02062, 대한민국"
631,1203,망우,중앙선,37.59955,127.091909,"망우, 상봉중앙로1다길, 상봉동, 상봉1동, 중랑구, 서울특별시, 02098, 대한민국"
632,1202,상봉(시외버스터미널),중앙선,37.596678,127.08504,"1, 동일로120길, 상봉동, 상봉1동, 중랑구, 서울특별시, 02098, 대한민국"
633,1201,중랑,중앙선,37.594917,127.076116,"1, 중랑역로, 중화동, 중화2동, 중랑구, 서울특별시, 02130, 대한민국"
634,1032,신길,경부선,37.516862,126.917865,"1, 영등포로57길, 신길1동, 영등포구, 서울특별시, 07322, 대한민국"
635,1031,복정,분당선,37.470345,127.126658,"성남대로, 위례동, 송파구, 서울특별시, 05845, 대한민국"
636,1030,수서,분당선,37.487472,127.101422,"밤고개로, 수서동, 강남구, 서울특별시, 06349, 대한민국"
637,1028,대모산입구,분당선,37.491373,127.07272,"개포로, 개포2동, 강남구, 서울특별시, 06335, 대한민국"
638,1027,개포동,분당선,37.489116,127.06614,"60계 개포점, 38,, 삼성로, 개포동, 개포2동, 강남구, 서울특별시, 06329, 대한민국"
639,1026,구룡,분당선,37.486839,127.058856,"개포로, 개포동, 개포2동, 강남구, 서울특별시, 06323, 대한민국"
640,1025,도곡,분당선,37.491224,127.055186,"인산가, 206, 선릉로, 대치1동, 강남구, 서울특별시, 06281, 대한민국"
641,1024,한티,분당선,37.496237,127.052873,"한티, 도곡로, 래미안그레이튼아파트, 도곡2동, 강남구, 서울특별시, 06276, 대한민국"
642,1023,선릉,분당선,37.504856,127.048807,"채선당 선릉역점, 511,, 선릉로, 역삼1동, 강남구, 서울특별시, 06145, 대한민국"
643,1022,창동,경원선,37.653007,127.047806,"77, 마들로11길, 창4동, 도봉구, 서울특별시, 01418, 대한민국"
644,1021,녹천,경원선,37.644799,127.051269,"1, 마들로5길, 월계2동, 노원구, 서울특별시, 01867, 대한민국"
645,1020,월계,경원선,37.633212,127.058831,"1, 월계로53길, 월계동, 월계2동, 노원구, 서울특별시, 01885, 대한민국"
646,1019,광운대,경원선,37.623632,127.061835,"광운대, 석계로, 월계1동, 노원구, 서울특별시, 01906, 대한민국"
647,1018,석계,경원선,37.614532,127.065934,"2, 화랑로, 석관동, 성북구, 서울특별시, 02781, 대한민국"
648,1017,신이문,경원선,37.601854,127.067325,"신이문역, 472, 한천로, 이문1동, 동대문구, 서울특별시, 02407, 대한민국"
649,1016,외대앞,경원선,37.596073,127.063549,"1, 휘경로11가길, 이문동, 이문2동, 동대문구, 서울특별시, 02403, 대한민국"
650,1015,회기,중앙선,37.58946,127.057583,"196, 회기로, 휘경1동, 동대문구, 서울특별시, 02444, 대한민국"
651,1014,청량리(서울시립대입구),경원선,37.580759,127.0483,"214, 왕산로, 전농동, 전농1동, 동대문구, 서울특별시, 02490, 대한민국"
652,1013,왕십리(성동구청),경원선,37.561827,127.038352,"비트플렉스몰, 마조로19길, 마장동, 성동구, 서울특별시, 04744, 대한민국"
653,1012,응봉,경원선,37.549946,127.034538,"2, 고산자로, 응봉동, 성동구, 서울특별시, 04741, 대한민국"
654,1011,옥수,경원선,37.540446,127.018672,"2, 강변북로, 옥수동, 금호4가동, 성동구, 서울특별시, 04420, 대한민국"
655,1010,한남,경원선,37.52943,127.009169,"1, 서빙고로, 한남동, 용산구, 서울특별시, 04420, 대한민국"
656,1009,서빙고,경원선,37.519594,126.988537,"2, 서빙고로, 서빙고동, 용산구, 서울특별시, 04428, 대한민국"
657,1008,이촌(국립중앙박물관),경원선,37.522427,126.973406,"2, 이촌로65가길, 이촌동, 이촌1동, 용산구, 서울특별시, 04386, 대한민국"
658,1007,신도림,경부선,37.508787,126.891144,"신도림, 경인로68길, 신도림동, 구로구, 서울특별시, 08209, 대한민국"
659,1006,영등포,경부선,37.515504,126.907628,"6, 영등포고가차도, 문래창작촌, 영등포본동, 영등포구, 서울특별시, 07304, 대한민국"
660,1005,대방,경부선,37.513342,126.926382,"2, 대방지하차도, 대방동, 동작구, 서울특별시, 07354, 대한민국"
661,1004,노량진,경부선,37.514149,126.94271,"3, 노량진로, 노량진동, 노량진1동, 동작구, 서울특별시, 06922, 대한민국"
662,1003,용산,경부선,37.529849,126.964561,"55, 한강대로23길, 한강로3가, 한강로동, 용산구, 서울특별시, 04377, 대한민국"
663,1002,남영,경부선,37.541021,126.9713,"2, 한강대로77길, 남영동, 용산구, 서울특별시, 04321, 대한민국"
664,1001,서울역,경부선,37.554337,126.971134,"KFC, 405, 한강대로, 봉래동2가, 남영동, 용산구, 서울특별시, 04320, 대한민국"
665,434,남태령,4호선,37.463873,126.989134,"남태령, 과천대로, 방배2동, 서초구, 서울특별시, 06701, 대한민국"
666,433,사당,4호선,37.476955,126.981651,"훈장골, 7, 동작대로, 사당1동, 동작구, 서울특별시, 08807, 대한민국"
667,432,총신대입구(이수),4호선,37.486263,126.981989,"헌혈의집, 109, 동작대로, 사당2동, 동작구, 서울특별시, 07008, 대한민국"
668,431,동작(현충원),4호선,37.502852,126.980347,"반포천 자전거길, 동작동, 사당2동, 동작구, 서울특별시, 06994, 대한민국"
669,430,이촌(국립중앙박물관),4호선,37.522295,126.974733,"서빙고로, 용산동5가, 한강로동, 용산구, 서울특별시, 04386, 대한민국"
670,429,신용산,4호선,37.52917,126.967894,"신용산, 한강대로, 한강로2가, 한강로동, 용산구, 서울특별시, 04378, 대한민국"
671,428,삼각지,4호선,37.534075,126.9726,"잠연, 168-2,, 한강대로, 한강로1가, 한강로동, 용산구, 서울특별시, 04382, 대한민국"
672,427,숙대입구(갈월),4호선,37.54456,126.972106,"소울, 293, 한강대로, 갈월동, 남영동, 용산구, 서울특별시, 04321, 대한민국"
673,426,서울역,4호선,37.55281,126.972556,"서울역, 지하 392, 한강대로, 동자동, 남영동, 용산구, 서울특별시, 04320, 대한민국"
674,425,회현(남대문시장),4호선,37.558514,126.978246,"티마크그랜드호텔 명동, 52, 퇴계로, 남창동, 회현동, 중구, 서울특별시, 04634, 대한민국"
675,424,명동,4호선,37.560989,126.986325,"스카이파크호텔2, 139, 퇴계로, 충무로1가, 명동, 중구, 서울특별시, 04629, 대한민국"
676,423,충무로,4호선,37.561207,126.99408,"충무로, 퇴계로, 충무로5가, 필동, 중구, 서울특별시, 04558, 대한민국"
677,422,동대문역사문화공원,4호선,37.565133,127.007885,"소테츠 호텔즈 더 스프라지르 서울 동대문, 퇴계로63길, 을지로7가, 광희동, 중구, 서울특별시, 04566, 대한민국"
678,421,동대문,4호선,37.57093,127.009287,"율곡로, 종로6가, 종로5·6가동, 종로구, 서울특별시, 03119, 대한민국"
679,420,혜화,4호선,37.582336,127.001844,"무교동 유정낙지, 3,, 대학로11길, 명륜4가, 혜화동, 종로구, 서울특별시, 03079, 대한민국"
680,419,한성대입구(삼선교),4호선,37.588458,127.006221,"밀튼 가츠멘, 65-2, 삼송빌딩 1층 (동소문동4가), 동소문로, 동소문동2가, 삼선동, 성북구, 서울특별시, 02833, 대한민국"
681,418,성신여대입구(돈암),4호선,37.592612,127.016441,"이레김밥, 86-2 (동소문동5가,(1층)), 동소문로, 동소문동5가, 삼선동, 성북구, 서울특별시, 02847, 대한민국"
682,417,길음,4호선,37.603407,127.025053,"길음동, 길음1동, 성북구, 서울특별시, 02735, 대한민국"
683,416,미아사거리,4호선,37.613292,127.030053,"도봉로, 미아동, 송중동, 강북구, 서울특별시, 01171, 대한민국"
684,415,미아(서울사이버대학),4호선,37.62667,127.025983,"도봉로, 미아동, 송천동, 강북구, 서울특별시, 01171, 대한민국"
685,414,수유(강북구청),4호선,37.638052,127.025732,"수유, 도봉로, 번1동, 강북구, 서울특별시, 01063, 대한민국"
686,413,쌍문,4호선,37.648627,127.034709,"도봉로, 창동, 창1동, 도봉구, 서울특별시, 01453, 대한민국"
687,412,창동,4호선,37.653088,127.047274,"77, 마들로11길, 창4동, 도봉구, 서울특별시, 01418, 대한민국"
688,411,노원,4호선,37.65627,127.063276,"상계로, 상계2동, 노원구, 서울특별시, 01752, 대한민국"
689,410,상계,4호선,37.660878,127.073572,"상계역 3번출구, 상계로, 상계동, 상계5동, 노원구, 서울특별시, 01662, 대한민국"
690,409,당고개,4호선,37.670272,127.079066,"상계로, 상계3·4동, 노원구, 서울특별시, 01633, 대한민국"
691,408,별내별가람,진접선,37.66778,127.11581,"별내별가람역 1번출구, 덕송2로, 별내동, 남양주시, 12091, 대한민국"
692,406,오남,진접선,37.705,127.19281,"12, 진건오남로929번길, 오남읍, 남양주시, 12036, 대한민국"
693,405,진접,진접선,37.7205,127.2034,"진접역투웨니퍼스트메트로오피스텔, 232, 해밀예당1로, 진접읍, 남양주시, 12060, 대한민국"
694,342,오금,3호선,37.502129,127.128319,"중대로, 오금동, 가락2동, 송파구, 서울특별시, 05727, 대한민국"
695,341,경찰병원,3호선,37.495918,127.12454,"자전거 전용, 오금동, 가락2동, 송파구, 서울특별시, 05824, 대한민국"
696,340,가락시장,3호선,37.492245,127.117757,"펫가든동물병원, 80, 중대로, 가락1동, 송파구, 서울특별시, 05833, 대한민국"
697,339,수서,3호선,37.487378,127.101907,"광평로, 수서동, 강남구, 서울특별시, 06367, 대한민국"
698,338,일원,3호선,37.483681,127.08439,"일원, 115, 일원로, 일원동, 일원본동, 강남구, 서울특별시, 06355, 대한민국"
699,337,대청,3호선,37.493514,127.079532,"중동고등학교, 7, 일원로, 일원1동, 강남구, 서울특별시, 06338, 대한민국"
700,336,학여울,3호선,37.496663,127.070594,"남부순환로, 대치동, 대치2동, 강남구, 서울특별시, 06286, 대한민국"
701,335,대치,3호선,37.494612,127.063642,"KB증권빌딩, 3008, 남부순환로, 대치동, 대치2동, 강남구, 서울특별시, 06228, 대한민국"
702,334,도곡,3호선,37.490922,127.055452,"도곡, 남부순환로, 대치1동, 강남구, 서울특별시, 06280, 대한민국"
703,333,매봉,3호선,37.486947,127.046769,"1, 2740, 남부순환로, 도곡동, 도곡1동, 강남구, 서울특별시, 06297, 대한민국"
704,332,양재(서초구청),3호선,37.484477,127.033902,"양재지하차도, 서초2동, 서초구, 서울특별시, 06750, 대한민국"
705,331,남부터미널(예술의전당),3호선,37.485013,127.016189,"벨랄라 커피, 289,, 효령로, 서초3동, 서초구, 서울특별시, 06717, 대한민국"
706,330,교대(법원.검찰청),3호선,37.493025,127.013786,"Choice, 125,, 서초중앙로, 서초3동, 서초구, 서울특별시, 06634, 대한민국"
707,329,고속터미널,3호선,37.504891,127.004916,"정(김밥천국), 신반포로, 반포4동, 서초구, 서울특별시, 06545, 대한민국"
708,328,잠원,3호선,37.512759,127.01122,"힐리 HILLI, 41-3,, 잠원로4길, 잠원동, 서초구, 서울특별시, 06519, 대한민국"
709,327,신사,3호선,37.516334,127.020114,"도산대로, 논현동, 신사동, 강남구, 서울특별시, 06040, 대한민국"
710,326,압구정,3호선,37.527072,127.028461,"논현로, 가로수길, 신사동, 강남구, 서울특별시, 06022, 대한민국"
711,325,옥수,3호선,37.541684,127.017269,"동호로, 옥수동, 성동구, 서울특별시, 04734, 대한민국"
712,324,금호,3호선,37.548034,127.015872,"금호, 동호로, 금호동3가, 금호4가동, 성동구, 서울특별시, 04724, 대한민국"
713,323,약수,3호선,37.554867,127.010541,"죽이야기 약수점, 194, 동호로, 다산동, 중구, 서울특별시, 04598, 대한민국"
714,322,동대입구,3호선,37.559052,127.005602,"동호로, 장충동1가, 장충동, 중구, 서울특별시, 04606, 대한민국"
715,321,충무로,3호선,37.56143,126.994072,"충무빌딩, 퇴계로39길, 충무로4가, 광희동, 중구, 서울특별시, 04557, 대한민국"
716,320,을지로3가,3호선,37.566672,126.992548,"충무로, 입정동, 을지로동, 중구, 서울특별시, 04543, 대한민국"
717,319,종로3가,3호선,37.571605,126.991791,"황토골, Jan.33, 돈화문로, 종로3가, 종로1·2·3·4가동, 종로구, 서울특별시, 03134, 대한민국"
718,318,안국,3호선,37.576477,126.985443,"궁궐가는길 찌개, 52,, 율곡로, 관훈동, 종로1·2·3·4가동, 종로구, 서울특별시, 03060, 대한민국"
719,317,경복궁(정부서울청사),3호선,37.575762,126.97353,"경복궁, 사직로, 적선동, 사직동, 종로구, 서울특별시, 03170, 대한민국"
720,316,독립문,3호선,37.574571,126.957748,"독립문, 247, 통일로, 현저동, 천연동, 서대문구, 서울특별시, 03030, 대한민국"
721,315,무악재,3호선,37.582299,126.950291,"무악재, 통일로, 홍제1동, 서대문구, 서울특별시, 03635, 대한민국"
722,314,홍제,3호선,37.589066,126.943736,"통일로, 홍제1동, 서대문구, 서울특별시, 03646, 대한민국"
723,313,녹번,3호선,37.600927,126.935756,"통일로, 녹번동, 은평구, 서울특별시, 03372, 대한민국"
724,312,불광,3호선,37.610553,126.92982,"통일로, 대조동, 은평구, 서울특별시, 03397, 대한민국"
725,311,연신내,3호선,37.619229,126.921038,"통일로, 대조동, 갈현1동, 은평구, 서울특별시, 03350, 대한민국"
726,310,구파발,3호선,37.636763,126.918821,"서울주택도시공사 은평서대문종로센터, 15-34, 진관2로, 진관동, 은평구, 서울특별시, 03306, 대한민국"
727,309,지축,3호선,37.648033,126.913917,"지축, 지효로, 효자동, 덕양구, 고양시, 10585, 대한민국"
728,250,용두(동대문구청),2호선,37.574028,127.038091,"고산자로, 용두동, 용신동, 동대문구, 서울특별시, 02567, 대한민국"
729,249,신정네거리,2호선,37.520074,126.852912,"신정네거리, 261, 중앙로, 신정1동, 양천구, 서울특별시, 08077, 대한민국"
730,248,양천구청,2호선,37.512398,126.865819,"양천구청, 목동로3길, 신정7동, 양천구, 서울특별시, 08102, 대한민국"
731,247,도림천,2호선,37.514287,126.882768,"도림천, 160, 경인로67길, 신도림동, 구로구, 서울특별시, 08201, 대한민국"
732,246,신설동,2호선,37.574747,127.024932,"명륜진사갈비 신설동점, 14-1, 1층 (신설동), 천호대로, 신설동, 용신동, 동대문구, 서울특별시, 02582, 대한민국"
733,245,신답,2호선,37.57004,127.046481,"신답, 천호대로, 용답동, 성동구, 서울특별시, 02597, 대한민국"
734,244,용답,2호선,37.561904,127.050899,"용답, 86, 용답길, 용답동, 성동구, 서울특별시, 04809, 대한민국"
735,243,충정로(경기대입구),2호선,37.559704,126.964378,"서소문로, 합동, 충현동, 서대문구, 서울특별시, 03737, 대한민국"
736,242,아현,2호선,37.557345,126.956141,"신촌로, 아현동, 마포구, 서울특별시, 03774, 대한민국"
737,241,이대,2호선,37.556733,126.946013,"모노치즈 이대역점, 190, 신촌로, 아현동, 염리동, 마포구, 서울특별시, 03774, 대한민국"
738,240,신촌,2호선,37.555131,126.936926,"백범로, 19통, 신촌동, 서대문구, 서울특별시, 04101, 대한민국"
739,239,홍대입구,2호선,37.55679,126.923708,"164, 양화로, 홍대거리, 서교동, 마포구, 서울특별시, 03995, 대한민국"
740,238,합정,2호선,37.549457,126.913808,"합정, 55, 양화로, 서교동, 합정동, 마포구, 서울특별시, 04045, 대한민국"
741,237,당산,2호선,37.534946,126.902767,"만복국수 당산점, 243 (당산동6가), 당산로, 당산동5가, 당산2동, 영등포구, 서울특별시, 07214, 대한민국"
742,236,영등포구청,2호선,37.525706,126.89661,"영등포구청, 121, 당산로, 당산동3가, 당산1동, 영등포구, 서울특별시, 07264, 대한민국"
743,235,문래,2호선,37.517933,126.89476,"문래, 28, 당산로, 문래동3가, 문래동, 영등포구, 서울특별시, 07294, 대한민국"
744,234,신도림,2호선,37.508961,126.891084,"신도림, 경인로68길, 신도림동, 구로구, 서울특별시, 08209, 대한민국"
745,233,대림(구로구청),2호선,37.493243,126.894932,"대림, 도림천 자전거길, 구로4동, 구로구, 서울특별시, 07419, 대한민국"
746,232,구로디지털단지,2호선,37.485266,126.901401,"구로디지털단지, 477, 도림천로, 대림2동, 영등포구, 서울특별시, 08391, 대한민국"
747,231,신대방,2호선,37.487462,126.913149,"도림천 자전거길, 조원동, 관악구, 서울특별시, 07419, 대한민국"
748,230,신림,2호선,37.484201,126.929715,"신림, 신림로, 서원동, 관악구, 서울특별시, 08754, 대한민국"
749,229,봉천,2호선,37.482362,126.941892,"서울봉천역전우편취급국, 1722, 남부순환로, 청룡동, 관악구, 서울특별시, 08784, 대한민국"
750,228,서울대입구(관악구청),2호선,37.481247,126.952739,"은행골 서울대입구역점, 174, 관악로, 봉천동, 낙성대동, 관악구, 서울특별시, 08787, 대한민국"
751,227,낙성대,2호선,37.47693,126.963693,"1932, 남부순환로, 인헌동, 관악구, 서울특별시, 08793, 대한민국"
752,226,사당,2호선,37.476538,126.981544,"동작대로, 남현동, 사당1동, 관악구, 서울특별시, 08807, 대한민국"
753,225,방배,2호선,37.481426,126.997596,"바나프레소 방배역점, 117,, 효령로, 방배1동, 서초구, 서울특별시, 06686, 대한민국"
754,224,서초,2호선,37.491897,127.007917,"동일하이빌, 240, 서초대로, 서초3동, 서초구, 서울특별시, 06647, 대한민국"
755,223,교대(법원.검찰청),2호선,37.493961,127.014667,"교대커피, 306,, 서초대로, 서초동, 서초1동, 서초구, 서울특별시, 06604, 대한민국"
756,222,강남,2호선,37.49799,127.027912,"강남역지하쇼핑센터, 테헤란로1길, 역삼1동, 강남구, 서울특별시, 06129, 대한민국"
757,221,역삼,2호선,37.500622,127.036456,"강남파이낸스센터, 152, 테헤란로, 역삼1동, 강남구, 서울특별시, 06236, 대한민국"
758,220,선릉,2호선,37.504286,127.048203,"바나프레소 선릉역사거리점, 335,, 테헤란로, 역삼1동, 강남구, 서울특별시, 06211, 대한민국"
759,219,삼성(무역센터),2호선,37.508844,127.06316,"삼성, 538, 테헤란로, 대치2동, 강남구, 서울특별시, 06182, 대한민국"
760,218,종합운동장,2호선,37.511022,127.073704,"종합운동장, 122, 올림픽로, 잠실7동, 송파구, 서울특별시, 05556, 대한민국"
761,217,잠실새내,2호선,37.511687,127.086162,"잠실새내, 140, 올림픽로, 잠실3동, 송파구, 서울특별시, 05502, 대한민국"
762,216,잠실(송파구청),2호선,37.513262,127.100159,"잠실, 265, 올림픽로, 신천동, 잠실6동, 송파구, 서울특별시, 05510, 대한민국"
763,215,잠실나루,2호선,37.520733,127.10379,"잠실나루, 20, 오금로, 신천동, 행정동, 송파구, 서울특별시, 05504, 대한민국"
764,214,강변(동서울터미널),2호선,37.535095,127.094681,"강변, 53, 강변역로, 구의3동, 광진구, 서울특별시, 05116, 대한민국"
765,213,구의(광진구청),2호선,37.537077,127.085916,"아차산로, 자양2동, 광진구, 서울특별시, 05043, 대한민국"
766,212,건대입구,2호선,37.540373,127.069191,"건대입구, 243, 아차산로, 건대 맛의거리, 자양4동, 광진구, 서울특별시, 05071, 대한민국"
767,211,성수,2호선,37.544581,127.055961,"100, 아차산로, 성수2가3동, 성동구, 서울특별시, 04783, 대한민국"
768,210,뚝섬,2호선,37.547184,127.047367,"뚝섬, 18, 아차산로, 성수1가2동, 성동구, 서울특별시, 04793, 대한민국"
769,209,한양대,2호선,37.555273,127.043655,"206, 왕십리로, 사근동, 성동구, 서울특별시, 04763, 대한민국"
770,208,왕십리(성동구청),2호선,37.561238,127.036954,"왕십리, 17, 왕십리광장로, 행당동, 행당1동, 성동구, 서울특별시, 04744, 대한민국"
771,207,상왕십리,2호선,37.564354,127.029354,"상왕십리, 374, 왕십리로, 하왕십리동, 왕십리2동, 성동구, 서울특별시, 04707, 대한민국"
772,206,신당,2호선,37.56564,127.019614,"메가엠지씨커피 신당역점, 434-1, 1층 (신당동), 퇴계로, 1통, 황학동, 신당5동, 중구, 서울특별시, 04577, 대한민국"
773,205,동대문역사문화공원,2호선,37.565613,127.009054,"동대문역사문화공원, 279, 을지로, 동대문패션타운, 광희동, 중구, 서울특별시, 04566, 대한민국"
774,204,을지로4가,2호선,37.566595,126.997817,"을지로지하상가, 세운상가, 을지로동, 중구, 서울특별시, 04543, 대한민국"
775,203,을지로3가,2호선,37.566306,126.991696,"을지로지하상가, 세운상가, 을지로동, 중구, 서울특별시, 04543, 대한민국"
776,202,을지로입구,2호선,37.566014,126.982618,"구스타레이탈리안레스토랑, 29 (을지로1가,(삼성화재B/D지하1호)), 을지로, 을지로1가, 명동, 중구, 서울특별시, 04533, 대한민국"
777,201,시청,2호선,37.563588,126.975411,"대양빌딩, 130, 서소문로, 서소문동, 소공동, 중구, 서울특별시, 04514, 대한민국"
778,159,동묘앞,1호선,37.573197,127.01648,"종로김밥, 352,, 종로, 숭인동, 숭인2동, 종로구, 서울특별시, 03114, 대한민국"
779,158,청량리(서울시립대입구),1호선,37.579956,127.044585,"청량리, 지하 205, 왕산로, 전농1동, 동대문구, 서울특별시, 02559, 대한민국"
780,157,제기동,1호선,37.578103,127.034893,"왕산로, 용두동, 용신동, 동대문구, 서울특별시, 02566, 대한민국"
781,156,신설동,1호선,37.576048,127.024634,"신설동, 지하 1, 왕산로, 신설동, 용신동, 동대문구, 서울특별시, 02582, 대한민국"
782,155,동대문,1호선,37.571687,127.01093,"대상하이샤브꼬치성, 300-1, 종로, 창신1동, 종로구, 서울특별시, 03106, 대한민국"
783,154,종로5가,1호선,37.570926,127.001849,"종로, 종로5가, 종로5·6가동, 종로구, 서울특별시, 03129, 대한민국"
784,153,종로3가,1호선,37.570406,126.991847,"청파호프, 128,, 종로, 종로3가, 종로1·2·3·4가동, 종로구, 서울특별시, 03139, 대한민국"
785,152,종각,1호선,37.570161,126.982923,"종로, 종로1가, 종로1·2·3·4가동, 종로구, 서울특별시, 03158, 대한민국"
786,151,시청,1호선,37.565715,126.977088,"시청, 지하 101, 세종대로, 태평로2가, 소공동, 중구, 서울특별시, 04524, 대한민국"
787,150,서울역,1호선,37.556228,126.972135,"서울역광장, 봉래동2가, 회현동, 중구, 서울특별시, 04509, 대한민국"
